<?xml version="1.0" encoding="UTF-8"?>
<TEI xml:lang="en" xmlns="http://www.tei-c.org/ns/1.0">
    <teiHeader>
        <fileDesc>
            <titleStmt>
                <title>magi_all</title>
                <author>empty</author>
            </titleStmt>
            <publicationStmt>
                <publisher>empty</publisher>
            </publicationStmt>
            <sourceDesc>
                <p>empty</p>
                <ab>
                    <fs xml:id="CATMA_TECH_DESC">
                        <f name="version">
                            <string>5</string>
                        </f>
                    </fs>
                </ab>
            </sourceDesc>
        </fileDesc>
        <encodingDesc>
            <fsdDecl xml:id="CATMA_142A4E14-ABB6-4852-8536-45083B09CA54" n="narrative_levels 2018-06-20T19:06:13.000+0200">
                <fsDecl xml:id="CATMA_7550861B-4499-48AF-89E6-9A545C1A70DA" n="2018-06-20T14:08:43.000+0200" type="CATMA_7550861B-4499-48AF-89E6-9A545C1A70DA">
                    <fsDescr>voice</fsDescr>
                    <fDecl xml:id="CATMA_680F584E-BB8E-4F53-992A-2818334E587F" name="catma_displaycolor">
                        <vRange>
                            <vColl>
                                <string>-7296007</string>
                            </vColl>
                        </vRange>
                    </fDecl>
                    <fDecl xml:id="CATMA_A2422536-54FF-4F26-A8F9-9BCD1D82E16F" name="catma_markupauthor">
                        <vRange>
                            <vColl>
                                <string>evelyn.gius@uni-hamburg.de</string>
                            </vColl>
                        </vRange>
                    </fDecl>
                </fsDecl>
                <fsDecl xml:id="CATMA_F7783E54-8575-4B75-908F-0C00AE46CFE9" n="2018-06-20T14:09:45.000+0200" type="CATMA_F7783E54-8575-4B75-908F-0C00AE46CFE9" baseTypes="CATMA_BCD3AFDC-C825-4F20-9D7B-2C644A4B3530">
                    <fsDescr>FOC_INT</fsDescr>
                    <fDecl xml:id="CATMA_7A8E4B6B-FED6-45C3-AB0B-E948AFA1AB8F" name="catma_displaycolor">
                        <vRange>
                            <vColl>
                                <string>-3989510</string>
                            </vColl>
                        </vRange>
                    </fDecl>
                    <fDecl xml:id="CATMA_3593BD88-1189-4D29-A4CE-7BE89DD2A55F" name="catma_markupauthor">
                        <vRange>
                            <vColl>
                                <string>evelyn.gius@uni-hamburg.de</string>
                            </vColl>
                        </vRange>
                    </fDecl>
                </fsDecl>
                <fsDecl xml:id="CATMA_BCD3AFDC-C825-4F20-9D7B-2C644A4B3530" n="2018-06-20T14:09:19.000+0200" type="CATMA_BCD3AFDC-C825-4F20-9D7B-2C644A4B3530">
                    <fsDescr>foc</fsDescr>
                    <fDecl xml:id="CATMA_8543F101-08CE-409E-8AC5-2ADC282B982E" name="catma_markupauthor">
                        <vRange>
                            <vColl>
                                <string>evelyn.gius@uni-hamburg.de</string>
                            </vColl>
                        </vRange>
                    </fDecl>
                    <fDecl xml:id="CATMA_4A88C976-1E08-47DD-A4BD-CBAB35B09C9F" name="catma_displaycolor">
                        <vRange>
                            <vColl>
                                <string>-12816378</string>
                            </vColl>
                        </vRange>
                    </fDecl>
                </fsDecl>
                <fsDecl xml:id="CATMA_7126A497-B7E0-4D88-9456-A48353EB4E00" n="2018-06-20T14:11:06.000+0200" type="CATMA_7126A497-B7E0-4D88-9456-A48353EB4E00">
                    <fsDescr>narrative_transmission</fsDescr>
                    <fDecl xml:id="CATMA_76F70538-D420-44FF-9A6F-40BFD2EBF4BB" name="catma_markupauthor">
                        <vRange>
                            <vColl>
                                <string>evelyn.gius@uni-hamburg.de</string>
                            </vColl>
                        </vRange>
                    </fDecl>
                    <fDecl xml:id="CATMA_9CAC2C57-DD1B-4005-BDFC-8CCDE37EC3DC" name="catma_displaycolor">
                        <vRange>
                            <vColl>
                                <string>-8999590</string>
                            </vColl>
                        </vRange>
                    </fDecl>
                </fsDecl>
                <fsDecl xml:id="CATMA_9E6F7521-1CB3-471D-9228-136739E86125" n="2018-06-20T14:09:28.000+0200" type="CATMA_9E6F7521-1CB3-471D-9228-136739E86125" baseTypes="CATMA_BCD3AFDC-C825-4F20-9D7B-2C644A4B3530">
                    <fsDescr>FOC_UNR</fsDescr>
                    <fDecl xml:id="CATMA_B37ADE92-0689-42E1-95A5-9AD0D4140B97" name="catma_markupauthor">
                        <vRange>
                            <vColl>
                                <string>evelyn.gius@uni-hamburg.de</string>
                            </vColl>
                        </vRange>
                    </fDecl>
                    <fDecl xml:id="CATMA_4D48011A-F733-4C07-A59A-B21025250722" name="catma_displaycolor">
                        <vRange>
                            <vColl>
                                <string>-11416296</string>
                            </vColl>
                        </vRange>
                    </fDecl>
                </fsDecl>
                <fsDecl xml:id="CATMA_0887D043-1572-4295-AD74-6B9DF4B9ED0C" n="2018-06-20T14:12:31.000+0200" type="CATMA_0887D043-1572-4295-AD74-6B9DF4B9ED0C" baseTypes="CATMA_7126A497-B7E0-4D88-9456-A48353EB4E00">
                    <fsDescr>CHARACTERS</fsDescr>
                    <fDecl xml:id="CATMA_11213E20-A715-4860-8E43-DBA3793EC0C2" name="catma_displaycolor">
                        <vRange>
                            <vColl>
                                <string>-16538848</string>
                            </vColl>
                        </vRange>
                    </fDecl>
                    <fDecl xml:id="CATMA_D63C0B01-A433-4FD5-9749-17136BBAA227" name="catma_markupauthor">
                        <vRange>
                            <vColl>
                                <string>evelyn.gius@uni-hamburg.de</string>
                            </vColl>
                        </vRange>
                    </fDecl>
                </fsDecl>
                <fsDecl xml:id="CATMA_36A3B24D-5243-4CD6-B39F-6B4B4DAEC2ED" n="2018-06-21T13:14:05.000+0200" type="CATMA_36A3B24D-5243-4CD6-B39F-6B4B4DAEC2ED">
                    <fsDescr>SPEAKER--ADDRESSEE</fsDescr>
                    <fDecl xml:id="CATMA_2E3C9445-25CD-4882-B455-736259AD006B" name="catma_markupauthor">
                        <vRange>
                            <vColl>
                                <string>evelyn.gius@uni-hamburg.de</string>
                            </vColl>
                        </vRange>
                    </fDecl>
                    <fDecl xml:id="CATMA_D01374DF-87CC-4A58-A471-A81191847050" name="catma_displaycolor">
                        <vRange>
                            <vColl>
                                <string>-8117889</string>
                            </vColl>
                        </vRange>
                    </fDecl>
                    <fDecl xml:id="CATMA_3F68848C-C453-44C2-B1D8-62EBC388661B" name="Addressee">
                        <vRange>
                            <vColl>
                                <string>Lenz</string>
                                <string>Oberlin</string>
                            </vColl>
                        </vRange>
                    </fDecl>
                    <fDecl xml:id="CATMA_AC2ED9AA-F851-47BE-8D19-115CA2002DEB" name="Speaker">
                        <vRange>
                            <vColl>
                                <string>Lenz</string>
                                <string>Oberlin</string>
                            </vColl>
                        </vRange>
                    </fDecl>
                </fsDecl>
                <fsDecl xml:id="CATMA_FD71E176-A412-43CA-8170-15B7334A93EF" n="2018-06-20T14:10:20.000+0200" type="CATMA_FD71E176-A412-43CA-8170-15B7334A93EF" baseTypes="CATMA_BCD3AFDC-C825-4F20-9D7B-2C644A4B3530">
                    <fsDescr>FOC_EXT</fsDescr>
                    <fDecl xml:id="CATMA_F7F46BE2-28B7-4101-A3E1-8EDB9DC2B51D" name="catma_displaycolor">
                        <vRange>
                            <vColl>
                                <string>-15943180</string>
                            </vColl>
                        </vRange>
                    </fDecl>
                    <fDecl xml:id="CATMA_A36A12E6-2280-4319-B873-11E6371AFE60" name="catma_markupauthor">
                        <vRange>
                            <vColl>
                                <string>evelyn.gius@uni-hamburg.de</string>
                            </vColl>
                        </vRange>
                    </fDecl>
                </fsDecl>
                <fsDecl xml:id="CATMA_5CE00265-2F4D-464C-B598-7BB4D27D0923" n="2018-06-20T14:09:09.000+0200" type="CATMA_5CE00265-2F4D-464C-B598-7BB4D27D0923" baseTypes="CATMA_7550861B-4499-48AF-89E6-9A545C1A70DA">
                    <fsDescr>VOICE_3</fsDescr>
                    <fDecl xml:id="CATMA_576D7688-6FB0-4DB7-A199-19158FC09C02" name="catma_markupauthor">
                        <vRange>
                            <vColl>
                                <string>evelyn.gius@uni-hamburg.de</string>
                            </vColl>
                        </vRange>
                    </fDecl>
                    <fDecl xml:id="CATMA_3F9B3BD5-6441-479D-8A6A-1C570729F62C" name="catma_displaycolor">
                        <vRange>
                            <vColl>
                                <string>-15924634</string>
                            </vColl>
                        </vRange>
                    </fDecl>
                </fsDecl>
                <fsDecl xml:id="CATMA_9B86B265-2038-40D0-8041-62EDB1B1700E" n="2018-06-20T14:08:58.000+0200" type="CATMA_9B86B265-2038-40D0-8041-62EDB1B1700E" baseTypes="CATMA_7550861B-4499-48AF-89E6-9A545C1A70DA">
                    <fsDescr>VOICE_1</fsDescr>
                    <fDecl xml:id="CATMA_B5EF9096-FAB6-4D10-BB4B-BB1F8C70BD3B" name="catma_displaycolor">
                        <vRange>
                            <vColl>
                                <string>-10446683</string>
                            </vColl>
                        </vRange>
                    </fDecl>
                    <fDecl xml:id="CATMA_C81AEB8D-46AB-4580-98E7-50CD4B6CC467" name="catma_markupauthor">
                        <vRange>
                            <vColl>
                                <string>evelyn.gius@uni-hamburg.de</string>
                            </vColl>
                        </vRange>
                    </fDecl>
                </fsDecl>
                <fsDecl xml:id="CATMA_0AB9D0A1-4550-4644-9F4F-7072E20F4105" n="2018-06-20T14:11:36.000+0200" type="CATMA_0AB9D0A1-4550-4644-9F4F-7072E20F4105" baseTypes="CATMA_7126A497-B7E0-4D88-9456-A48353EB4E00">
                    <fsDescr>AUTHOR</fsDescr>
                    <fDecl xml:id="CATMA_A9A3A35F-076F-49EE-AB92-BBDCCF207534" name="catma_displaycolor">
                        <vRange>
                            <vColl>
                                <string>-6742716</string>
                            </vColl>
                        </vRange>
                    </fDecl>
                    <fDecl xml:id="CATMA_8E8EE8E9-0EFA-4282-83B1-692C2E4E2D50" name="catma_markupauthor">
                        <vRange>
                            <vColl>
                                <string>evelyn.gius@uni-hamburg.de</string>
                            </vColl>
                        </vRange>
                    </fDecl>
                </fsDecl>
                <fsDecl xml:id="CATMA_B09EA947-9006-47BC-9DFA-4A2ECE2A0D5F" n="2018-06-20T14:10:38.000+0200" type="CATMA_B09EA947-9006-47BC-9DFA-4A2ECE2A0D5F">
                    <fsDescr>SCENE</fsDescr>
                    <fDecl xml:id="CATMA_149D857F-FA42-4822-B53C-3500325EEFB6" name="catma_displaycolor">
                        <vRange>
                            <vColl>
                                <string>-6209117</string>
                            </vColl>
                        </vRange>
                    </fDecl>
                    <fDecl xml:id="CATMA_20543A49-B0F4-4983-85B7-5A333470F90F" name="catma_markupauthor">
                        <vRange>
                            <vColl>
                                <string>evelyn.gius@uni-hamburg.de</string>
                            </vColl>
                        </vRange>
                    </fDecl>
                </fsDecl>
                <fsDecl xml:id="CATMA_38E9AF51-38B2-494F-BC5E-58A0A8D45C39" n="2018-06-20T14:13:19.000+0200" type="CATMA_38E9AF51-38B2-494F-BC5E-58A0A8D45C39">
                    <fsDescr>TURN</fsDescr>
                    <fDecl xml:id="CATMA_A350D191-5839-45DB-BA81-A9F11AD6DD30" name="catma_markupauthor">
                        <vRange>
                            <vColl>
                                <string>evelyn.gius@uni-hamburg.de</string>
                            </vColl>
                        </vRange>
                    </fDecl>
                    <fDecl xml:id="CATMA_764383FA-E43C-4692-867C-5B015C7B7B52" name="catma_displaycolor">
                        <vRange>
                            <vColl>
                                <string>-15588458</string>
                            </vColl>
                        </vRange>
                    </fDecl>
                </fsDecl>
                <fsDecl xml:id="CATMA_ADB30E4E-E257-4EA7-BD0D-5154DDC6112F" n="2018-06-20T14:12:25.000+0200" type="CATMA_ADB30E4E-E257-4EA7-BD0D-5154DDC6112F" baseTypes="CATMA_7126A497-B7E0-4D88-9456-A48353EB4E00">
                    <fsDescr>NARRATOR</fsDescr>
                    <fDecl xml:id="CATMA_61921AD0-F7E0-48F6-8616-89C22B0501D6" name="catma_displaycolor">
                        <vRange>
                            <vColl>
                                <string>-718550</string>
                            </vColl>
                        </vRange>
                    </fDecl>
                    <fDecl xml:id="CATMA_5748DE64-DEB6-4415-A45F-01584BC5A185" name="catma_markupauthor">
                        <vRange>
                            <vColl>
                                <string>evelyn.gius@uni-hamburg.de</string>
                            </vColl>
                        </vRange>
                    </fDecl>
                </fsDecl>
            </fsdDecl>
        </encodingDesc>
    </teiHeader>
    <text>
        <body>
            <ab type="catma">
                <ptr target="catma://CATMA_1835E821-66C9-412A-942A-7E2EC72FF1BF#char=0,57" type="inclusion"/>
                <seg ana="#CATMA_9F2E6D6E-A3C6-4545-B1F8-3F1C34FC109A #CATMA_BEBE74B9-5518-46BF-BD25-069164C9865E #CATMA_E33C73BF-E29F-4173-9305-CF1BE81AFABC">
                    <ptr target="catma://CATMA_1835E821-66C9-412A-942A-7E2EC72FF1BF#char=57,58" type="inclusion"/>
                </seg>
                <seg ana="#CATMA_9F2E6D6E-A3C6-4545-B1F8-3F1C34FC109A #CATMA_BEBE74B9-5518-46BF-BD25-069164C9865E #CATMA_E33C73BF-E29F-4173-9305-CF1BE81AFABC #CATMA_4BD324FA-8EB6-4737-B445-2E2CE6DB4D4F">
                    <ptr target="catma://CATMA_1835E821-66C9-412A-942A-7E2EC72FF1BF#char=58,162" type="inclusion"/>
                </seg>
                <seg ana="#CATMA_9F2E6D6E-A3C6-4545-B1F8-3F1C34FC109A #CATMA_BEBE74B9-5518-46BF-BD25-069164C9865E #CATMA_E33C73BF-E29F-4173-9305-CF1BE81AFABC #CATMA_4BD324FA-8EB6-4737-B445-2E2CE6DB4D4F">
                    <ptr target="catma://CATMA_1835E821-66C9-412A-942A-7E2EC72FF1BF#char=162,262" type="inclusion"/>
                </seg>
                <seg ana="#CATMA_9F2E6D6E-A3C6-4545-B1F8-3F1C34FC109A #CATMA_BEBE74B9-5518-46BF-BD25-069164C9865E #CATMA_E33C73BF-E29F-4173-9305-CF1BE81AFABC #CATMA_4BD324FA-8EB6-4737-B445-2E2CE6DB4D4F">
                    <ptr target="catma://CATMA_1835E821-66C9-412A-942A-7E2EC72FF1BF#char=262,367" type="inclusion"/>
                </seg>
                <seg ana="#CATMA_9F2E6D6E-A3C6-4545-B1F8-3F1C34FC109A #CATMA_BEBE74B9-5518-46BF-BD25-069164C9865E #CATMA_E33C73BF-E29F-4173-9305-CF1BE81AFABC #CATMA_4BD324FA-8EB6-4737-B445-2E2CE6DB4D4F">
                    <ptr target="catma://CATMA_1835E821-66C9-412A-942A-7E2EC72FF1BF#char=367,445" type="inclusion"/>
                </seg>
                <seg ana="#CATMA_9F2E6D6E-A3C6-4545-B1F8-3F1C34FC109A #CATMA_BEBE74B9-5518-46BF-BD25-069164C9865E #CATMA_E33C73BF-E29F-4173-9305-CF1BE81AFABC #CATMA_4BD324FA-8EB6-4737-B445-2E2CE6DB4D4F">
                    <ptr target="catma://CATMA_1835E821-66C9-412A-942A-7E2EC72FF1BF#char=445,550" type="inclusion"/>
                </seg>
                <seg ana="#CATMA_9F2E6D6E-A3C6-4545-B1F8-3F1C34FC109A #CATMA_BEBE74B9-5518-46BF-BD25-069164C9865E #CATMA_E33C73BF-E29F-4173-9305-CF1BE81AFABC #CATMA_4BD324FA-8EB6-4737-B445-2E2CE6DB4D4F">
                    <ptr target="catma://CATMA_1835E821-66C9-412A-942A-7E2EC72FF1BF#char=550,649" type="inclusion"/>
                </seg>
                <seg ana="#CATMA_9F2E6D6E-A3C6-4545-B1F8-3F1C34FC109A #CATMA_BEBE74B9-5518-46BF-BD25-069164C9865E #CATMA_E33C73BF-E29F-4173-9305-CF1BE81AFABC #CATMA_4BD324FA-8EB6-4737-B445-2E2CE6DB4D4F">
                    <ptr target="catma://CATMA_1835E821-66C9-412A-942A-7E2EC72FF1BF#char=649,665" type="inclusion"/>
                </seg>
                <seg ana="#CATMA_892FF376-1981-4B85-B23C-4213343B9669 #CATMA_BEBE74B9-5518-46BF-BD25-069164C9865E #CATMA_E33C73BF-E29F-4173-9305-CF1BE81AFABC #CATMA_4BD324FA-8EB6-4737-B445-2E2CE6DB4D4F">
                    <ptr target="catma://CATMA_1835E821-66C9-412A-942A-7E2EC72FF1BF#char=665,770" type="inclusion"/>
                </seg>
                <seg ana="#CATMA_892FF376-1981-4B85-B23C-4213343B9669 #CATMA_BEBE74B9-5518-46BF-BD25-069164C9865E #CATMA_E33C73BF-E29F-4173-9305-CF1BE81AFABC #CATMA_4BD324FA-8EB6-4737-B445-2E2CE6DB4D4F">
                    <ptr target="catma://CATMA_1835E821-66C9-412A-942A-7E2EC72FF1BF#char=770,873" type="inclusion"/>
                </seg>
                <seg ana="#CATMA_892FF376-1981-4B85-B23C-4213343B9669 #CATMA_BEBE74B9-5518-46BF-BD25-069164C9865E #CATMA_E33C73BF-E29F-4173-9305-CF1BE81AFABC #CATMA_4BD324FA-8EB6-4737-B445-2E2CE6DB4D4F">
                    <ptr target="catma://CATMA_1835E821-66C9-412A-942A-7E2EC72FF1BF#char=873,925" type="inclusion"/>
                </seg>
                <seg ana="#CATMA_9CA02D31-2A5F-4770-83C9-A33D02B8267F #CATMA_BEBE74B9-5518-46BF-BD25-069164C9865E #CATMA_E33C73BF-E29F-4173-9305-CF1BE81AFABC #CATMA_4BD324FA-8EB6-4737-B445-2E2CE6DB4D4F">
                    <ptr target="catma://CATMA_1835E821-66C9-412A-942A-7E2EC72FF1BF#char=925,1030" type="inclusion"/>
                </seg>
                <seg ana="#CATMA_9CA02D31-2A5F-4770-83C9-A33D02B8267F #CATMA_BEBE74B9-5518-46BF-BD25-069164C9865E #CATMA_E33C73BF-E29F-4173-9305-CF1BE81AFABC #CATMA_4BD324FA-8EB6-4737-B445-2E2CE6DB4D4F">
                    <ptr target="catma://CATMA_1835E821-66C9-412A-942A-7E2EC72FF1BF#char=1030,1133" type="inclusion"/>
                </seg>
                <seg ana="#CATMA_9CA02D31-2A5F-4770-83C9-A33D02B8267F #CATMA_BEBE74B9-5518-46BF-BD25-069164C9865E #CATMA_E33C73BF-E29F-4173-9305-CF1BE81AFABC #CATMA_4BD324FA-8EB6-4737-B445-2E2CE6DB4D4F">
                    <ptr target="catma://CATMA_1835E821-66C9-412A-942A-7E2EC72FF1BF#char=1133,1153" type="inclusion"/>
                </seg>
                <seg ana="#CATMA_F3204F94-4C16-461D-A63A-EECF94771B33 #CATMA_BEBE74B9-5518-46BF-BD25-069164C9865E #CATMA_E33C73BF-E29F-4173-9305-CF1BE81AFABC #CATMA_4BD324FA-8EB6-4737-B445-2E2CE6DB4D4F">
                    <ptr target="catma://CATMA_1835E821-66C9-412A-942A-7E2EC72FF1BF#char=1153,1258" type="inclusion"/>
                </seg>
                <seg ana="#CATMA_F3204F94-4C16-461D-A63A-EECF94771B33 #CATMA_BEBE74B9-5518-46BF-BD25-069164C9865E #CATMA_E33C73BF-E29F-4173-9305-CF1BE81AFABC #CATMA_4BD324FA-8EB6-4737-B445-2E2CE6DB4D4F">
                    <ptr target="catma://CATMA_1835E821-66C9-412A-942A-7E2EC72FF1BF#char=1258,1359" type="inclusion"/>
                </seg>
                <seg ana="#CATMA_F3204F94-4C16-461D-A63A-EECF94771B33 #CATMA_BEBE74B9-5518-46BF-BD25-069164C9865E #CATMA_E33C73BF-E29F-4173-9305-CF1BE81AFABC #CATMA_4BD324FA-8EB6-4737-B445-2E2CE6DB4D4F">
                    <ptr target="catma://CATMA_1835E821-66C9-412A-942A-7E2EC72FF1BF#char=1359,1464" type="inclusion"/>
                </seg>
                <seg ana="#CATMA_F3204F94-4C16-461D-A63A-EECF94771B33 #CATMA_BEBE74B9-5518-46BF-BD25-069164C9865E #CATMA_E33C73BF-E29F-4173-9305-CF1BE81AFABC #CATMA_4BD324FA-8EB6-4737-B445-2E2CE6DB4D4F">
                    <ptr target="catma://CATMA_1835E821-66C9-412A-942A-7E2EC72FF1BF#char=1464,1568" type="inclusion"/>
                </seg>
                <seg ana="#CATMA_F3204F94-4C16-461D-A63A-EECF94771B33 #CATMA_BEBE74B9-5518-46BF-BD25-069164C9865E #CATMA_E33C73BF-E29F-4173-9305-CF1BE81AFABC #CATMA_4BD324FA-8EB6-4737-B445-2E2CE6DB4D4F">
                    <ptr target="catma://CATMA_1835E821-66C9-412A-942A-7E2EC72FF1BF#char=1568,1661" type="inclusion"/>
                </seg>
                <seg ana="#CATMA_A6C969DB-5B02-49F3-BE9F-11374C32FD3A #CATMA_BEBE74B9-5518-46BF-BD25-069164C9865E #CATMA_E33C73BF-E29F-4173-9305-CF1BE81AFABC #CATMA_4BD324FA-8EB6-4737-B445-2E2CE6DB4D4F">
                    <ptr target="catma://CATMA_1835E821-66C9-412A-942A-7E2EC72FF1BF#char=1661,1766" type="inclusion"/>
                </seg>
                <seg ana="#CATMA_A6C969DB-5B02-49F3-BE9F-11374C32FD3A #CATMA_BEBE74B9-5518-46BF-BD25-069164C9865E #CATMA_E33C73BF-E29F-4173-9305-CF1BE81AFABC #CATMA_4BD324FA-8EB6-4737-B445-2E2CE6DB4D4F">
                    <ptr target="catma://CATMA_1835E821-66C9-412A-942A-7E2EC72FF1BF#char=1766,1869" type="inclusion"/>
                </seg>
                <seg ana="#CATMA_A6C969DB-5B02-49F3-BE9F-11374C32FD3A #CATMA_BEBE74B9-5518-46BF-BD25-069164C9865E #CATMA_E33C73BF-E29F-4173-9305-CF1BE81AFABC #CATMA_4BD324FA-8EB6-4737-B445-2E2CE6DB4D4F">
                    <ptr target="catma://CATMA_1835E821-66C9-412A-942A-7E2EC72FF1BF#char=1869,1974" type="inclusion"/>
                </seg>
                <seg ana="#CATMA_A6C969DB-5B02-49F3-BE9F-11374C32FD3A #CATMA_BEBE74B9-5518-46BF-BD25-069164C9865E #CATMA_E33C73BF-E29F-4173-9305-CF1BE81AFABC #CATMA_4BD324FA-8EB6-4737-B445-2E2CE6DB4D4F">
                    <ptr target="catma://CATMA_1835E821-66C9-412A-942A-7E2EC72FF1BF#char=1974,2070" type="inclusion"/>
                </seg>
                <seg ana="#CATMA_A6C969DB-5B02-49F3-BE9F-11374C32FD3A #CATMA_BEBE74B9-5518-46BF-BD25-069164C9865E #CATMA_E33C73BF-E29F-4173-9305-CF1BE81AFABC #CATMA_4BD324FA-8EB6-4737-B445-2E2CE6DB4D4F">
                    <ptr target="catma://CATMA_1835E821-66C9-412A-942A-7E2EC72FF1BF#char=2070,2171" type="inclusion"/>
                </seg>
                <seg ana="#CATMA_A6C969DB-5B02-49F3-BE9F-11374C32FD3A #CATMA_BEBE74B9-5518-46BF-BD25-069164C9865E #CATMA_E33C73BF-E29F-4173-9305-CF1BE81AFABC #CATMA_4BD324FA-8EB6-4737-B445-2E2CE6DB4D4F">
                    <ptr target="catma://CATMA_1835E821-66C9-412A-942A-7E2EC72FF1BF#char=2171,2275" type="inclusion"/>
                </seg>
                <seg ana="#CATMA_A6C969DB-5B02-49F3-BE9F-11374C32FD3A #CATMA_BEBE74B9-5518-46BF-BD25-069164C9865E #CATMA_E33C73BF-E29F-4173-9305-CF1BE81AFABC #CATMA_4BD324FA-8EB6-4737-B445-2E2CE6DB4D4F">
                    <ptr target="catma://CATMA_1835E821-66C9-412A-942A-7E2EC72FF1BF#char=2275,2337" type="inclusion"/>
                </seg>
                <seg ana="#CATMA_A3211C33-137B-499A-9AB1-47B54DD325C6 #CATMA_BEBE74B9-5518-46BF-BD25-069164C9865E #CATMA_E33C73BF-E29F-4173-9305-CF1BE81AFABC #CATMA_4BD324FA-8EB6-4737-B445-2E2CE6DB4D4F">
                    <ptr target="catma://CATMA_1835E821-66C9-412A-942A-7E2EC72FF1BF#char=2337,2442" type="inclusion"/>
                </seg>
                <seg ana="#CATMA_A3211C33-137B-499A-9AB1-47B54DD325C6 #CATMA_BEBE74B9-5518-46BF-BD25-069164C9865E #CATMA_E33C73BF-E29F-4173-9305-CF1BE81AFABC #CATMA_4BD324FA-8EB6-4737-B445-2E2CE6DB4D4F">
                    <ptr target="catma://CATMA_1835E821-66C9-412A-942A-7E2EC72FF1BF#char=2442,2546" type="inclusion"/>
                </seg>
                <seg ana="#CATMA_A3211C33-137B-499A-9AB1-47B54DD325C6 #CATMA_BEBE74B9-5518-46BF-BD25-069164C9865E #CATMA_E33C73BF-E29F-4173-9305-CF1BE81AFABC #CATMA_4BD324FA-8EB6-4737-B445-2E2CE6DB4D4F">
                    <ptr target="catma://CATMA_1835E821-66C9-412A-942A-7E2EC72FF1BF#char=2546,2649" type="inclusion"/>
                </seg>
                <seg ana="#CATMA_A3211C33-137B-499A-9AB1-47B54DD325C6 #CATMA_BEBE74B9-5518-46BF-BD25-069164C9865E #CATMA_E33C73BF-E29F-4173-9305-CF1BE81AFABC #CATMA_4BD324FA-8EB6-4737-B445-2E2CE6DB4D4F">
                    <ptr target="catma://CATMA_1835E821-66C9-412A-942A-7E2EC72FF1BF#char=2649,2753" type="inclusion"/>
                </seg>
                <seg ana="#CATMA_A3211C33-137B-499A-9AB1-47B54DD325C6 #CATMA_BEBE74B9-5518-46BF-BD25-069164C9865E #CATMA_E33C73BF-E29F-4173-9305-CF1BE81AFABC #CATMA_4BD324FA-8EB6-4737-B445-2E2CE6DB4D4F">
                    <ptr target="catma://CATMA_1835E821-66C9-412A-942A-7E2EC72FF1BF#char=2753,2856" type="inclusion"/>
                </seg>
                <seg ana="#CATMA_A3211C33-137B-499A-9AB1-47B54DD325C6 #CATMA_BEBE74B9-5518-46BF-BD25-069164C9865E #CATMA_E33C73BF-E29F-4173-9305-CF1BE81AFABC #CATMA_4BD324FA-8EB6-4737-B445-2E2CE6DB4D4F">
                    <ptr target="catma://CATMA_1835E821-66C9-412A-942A-7E2EC72FF1BF#char=2856,2874" type="inclusion"/>
                </seg>
                <seg ana="#CATMA_17B4B295-5AA2-4266-8D79-1233B60EC3D9 #CATMA_BEBE74B9-5518-46BF-BD25-069164C9865E #CATMA_E33C73BF-E29F-4173-9305-CF1BE81AFABC #CATMA_4BD324FA-8EB6-4737-B445-2E2CE6DB4D4F">
                    <ptr target="catma://CATMA_1835E821-66C9-412A-942A-7E2EC72FF1BF#char=2874,2977" type="inclusion"/>
                </seg>
                <seg ana="#CATMA_17B4B295-5AA2-4266-8D79-1233B60EC3D9 #CATMA_BEBE74B9-5518-46BF-BD25-069164C9865E #CATMA_E33C73BF-E29F-4173-9305-CF1BE81AFABC #CATMA_4BD324FA-8EB6-4737-B445-2E2CE6DB4D4F">
                    <ptr target="catma://CATMA_1835E821-66C9-412A-942A-7E2EC72FF1BF#char=2977,3080" type="inclusion"/>
                </seg>
                <seg ana="#CATMA_17B4B295-5AA2-4266-8D79-1233B60EC3D9 #CATMA_BEBE74B9-5518-46BF-BD25-069164C9865E #CATMA_E33C73BF-E29F-4173-9305-CF1BE81AFABC #CATMA_4BD324FA-8EB6-4737-B445-2E2CE6DB4D4F">
                    <ptr target="catma://CATMA_1835E821-66C9-412A-942A-7E2EC72FF1BF#char=3080,3185" type="inclusion"/>
                </seg>
                <seg ana="#CATMA_17B4B295-5AA2-4266-8D79-1233B60EC3D9 #CATMA_BEBE74B9-5518-46BF-BD25-069164C9865E #CATMA_E33C73BF-E29F-4173-9305-CF1BE81AFABC #CATMA_4BD324FA-8EB6-4737-B445-2E2CE6DB4D4F">
                    <ptr target="catma://CATMA_1835E821-66C9-412A-942A-7E2EC72FF1BF#char=3185,3285" type="inclusion"/>
                </seg>
                <seg ana="#CATMA_17B4B295-5AA2-4266-8D79-1233B60EC3D9 #CATMA_BEBE74B9-5518-46BF-BD25-069164C9865E #CATMA_E33C73BF-E29F-4173-9305-CF1BE81AFABC #CATMA_4BD324FA-8EB6-4737-B445-2E2CE6DB4D4F">
                    <ptr target="catma://CATMA_1835E821-66C9-412A-942A-7E2EC72FF1BF#char=3285,3390" type="inclusion"/>
                </seg>
                <seg ana="#CATMA_17B4B295-5AA2-4266-8D79-1233B60EC3D9 #CATMA_BEBE74B9-5518-46BF-BD25-069164C9865E #CATMA_E33C73BF-E29F-4173-9305-CF1BE81AFABC #CATMA_4BD324FA-8EB6-4737-B445-2E2CE6DB4D4F">
                    <ptr target="catma://CATMA_1835E821-66C9-412A-942A-7E2EC72FF1BF#char=3390,3448" type="inclusion"/>
                </seg>
                <seg ana="#CATMA_C0BB66CF-10B6-425B-AA10-E4FBE4AF9A3F #CATMA_BEBE74B9-5518-46BF-BD25-069164C9865E #CATMA_E33C73BF-E29F-4173-9305-CF1BE81AFABC #CATMA_4BD324FA-8EB6-4737-B445-2E2CE6DB4D4F">
                    <ptr target="catma://CATMA_1835E821-66C9-412A-942A-7E2EC72FF1BF#char=3448,3550" type="inclusion"/>
                </seg>
                <seg ana="#CATMA_C0BB66CF-10B6-425B-AA10-E4FBE4AF9A3F #CATMA_BEBE74B9-5518-46BF-BD25-069164C9865E #CATMA_E33C73BF-E29F-4173-9305-CF1BE81AFABC #CATMA_4BD324FA-8EB6-4737-B445-2E2CE6DB4D4F">
                    <ptr target="catma://CATMA_1835E821-66C9-412A-942A-7E2EC72FF1BF#char=3550,3654" type="inclusion"/>
                </seg>
                <seg ana="#CATMA_C0BB66CF-10B6-425B-AA10-E4FBE4AF9A3F #CATMA_BEBE74B9-5518-46BF-BD25-069164C9865E #CATMA_E33C73BF-E29F-4173-9305-CF1BE81AFABC #CATMA_4BD324FA-8EB6-4737-B445-2E2CE6DB4D4F">
                    <ptr target="catma://CATMA_1835E821-66C9-412A-942A-7E2EC72FF1BF#char=3654,3759" type="inclusion"/>
                </seg>
                <seg ana="#CATMA_C0BB66CF-10B6-425B-AA10-E4FBE4AF9A3F #CATMA_BEBE74B9-5518-46BF-BD25-069164C9865E #CATMA_E33C73BF-E29F-4173-9305-CF1BE81AFABC #CATMA_4BD324FA-8EB6-4737-B445-2E2CE6DB4D4F">
                    <ptr target="catma://CATMA_1835E821-66C9-412A-942A-7E2EC72FF1BF#char=3759,3768" type="inclusion"/>
                </seg>
                <seg ana="#CATMA_8A46033D-8F10-49FA-A36F-DB6CEF7F77E5 #CATMA_BEBE74B9-5518-46BF-BD25-069164C9865E #CATMA_E33C73BF-E29F-4173-9305-CF1BE81AFABC #CATMA_4BD324FA-8EB6-4737-B445-2E2CE6DB4D4F">
                    <ptr target="catma://CATMA_1835E821-66C9-412A-942A-7E2EC72FF1BF#char=3768,3871" type="inclusion"/>
                </seg>
                <seg ana="#CATMA_8A46033D-8F10-49FA-A36F-DB6CEF7F77E5 #CATMA_BEBE74B9-5518-46BF-BD25-069164C9865E #CATMA_E33C73BF-E29F-4173-9305-CF1BE81AFABC #CATMA_4BD324FA-8EB6-4737-B445-2E2CE6DB4D4F">
                    <ptr target="catma://CATMA_1835E821-66C9-412A-942A-7E2EC72FF1BF#char=3871,3961" type="inclusion"/>
                </seg>
                <seg ana="#CATMA_30D23981-986D-414D-9AA2-F6E12F7C1824 #CATMA_BEBE74B9-5518-46BF-BD25-069164C9865E #CATMA_E33C73BF-E29F-4173-9305-CF1BE81AFABC #CATMA_FC90038B-2579-4876-8A94-9B43BD58F87D">
                    <ptr target="catma://CATMA_1835E821-66C9-412A-942A-7E2EC72FF1BF#char=3961,4065" type="inclusion"/>
                </seg>
                <seg ana="#CATMA_30D23981-986D-414D-9AA2-F6E12F7C1824 #CATMA_BEBE74B9-5518-46BF-BD25-069164C9865E #CATMA_E33C73BF-E29F-4173-9305-CF1BE81AFABC #CATMA_FC90038B-2579-4876-8A94-9B43BD58F87D">
                    <ptr target="catma://CATMA_1835E821-66C9-412A-942A-7E2EC72FF1BF#char=4065,4158" type="inclusion"/>
                </seg>
                <seg ana="#CATMA_DCC8236E-DA3E-4FA9-A599-EA7EE8D50919 #CATMA_3FF176B7-9627-4735-81ED-CF6A8E0BF0F8 #CATMA_BFA772ED-6F66-4706-9C5B-625A73407720 #CATMA_BEBE74B9-5518-46BF-BD25-069164C9865E #CATMA_E33C73BF-E29F-4173-9305-CF1BE81AFABC #CATMA_FC90038B-2579-4876-8A94-9B43BD58F87D">
                    <ptr target="catma://CATMA_1835E821-66C9-412A-942A-7E2EC72FF1BF#char=4158,4196" type="inclusion"/>
                </seg>
                <seg ana="#CATMA_5D90FBE2-7A7E-40FC-A574-E8548B46E794 #CATMA_3FF176B7-9627-4735-81ED-CF6A8E0BF0F8 #CATMA_FA145079-F850-47EC-A453-9E11D9524494 #CATMA_BEBE74B9-5518-46BF-BD25-069164C9865E #CATMA_E33C73BF-E29F-4173-9305-CF1BE81AFABC #CATMA_FC90038B-2579-4876-8A94-9B43BD58F87D">
                    <ptr target="catma://CATMA_1835E821-66C9-412A-942A-7E2EC72FF1BF#char=4196,4286" type="inclusion"/>
                </seg>
                <seg ana="#CATMA_78B15083-94FE-4D35-8A1C-4C9DDF763861 #CATMA_BEBE74B9-5518-46BF-BD25-069164C9865E #CATMA_E33C73BF-E29F-4173-9305-CF1BE81AFABC #CATMA_FC90038B-2579-4876-8A94-9B43BD58F87D">
                    <ptr target="catma://CATMA_1835E821-66C9-412A-942A-7E2EC72FF1BF#char=4286,4318" type="inclusion"/>
                </seg>
                <seg ana="#CATMA_78B15083-94FE-4D35-8A1C-4C9DDF763861 #CATMA_9494A7A1-29F9-4208-99BF-21AF3F66A0C6 #CATMA_54E1F6E7-BE93-4217-809D-56F82664AB0E #CATMA_FDF53001-8297-4AEF-91B5-CE8A4C3E287F #CATMA_BEBE74B9-5518-46BF-BD25-069164C9865E #CATMA_E33C73BF-E29F-4173-9305-CF1BE81AFABC #CATMA_FC90038B-2579-4876-8A94-9B43BD58F87D">
                    <ptr target="catma://CATMA_1835E821-66C9-412A-942A-7E2EC72FF1BF#char=4318,4348" type="inclusion"/>
                </seg>
                <seg ana="#CATMA_78B15083-94FE-4D35-8A1C-4C9DDF763861 #CATMA_BEBE74B9-5518-46BF-BD25-069164C9865E #CATMA_E33C73BF-E29F-4173-9305-CF1BE81AFABC #CATMA_FC90038B-2579-4876-8A94-9B43BD58F87D">
                    <ptr target="catma://CATMA_1835E821-66C9-412A-942A-7E2EC72FF1BF#char=4348,4390" type="inclusion"/>
                </seg>
                <seg ana="#CATMA_F144D4F2-24A7-44BA-8F29-F697D782836F #CATMA_A2F6C66C-C976-4448-83C6-67D513B38774 #CATMA_95B1747E-17BE-43D7-A41D-0F1A67CD51E1 #CATMA_BEBE74B9-5518-46BF-BD25-069164C9865E #CATMA_E33C73BF-E29F-4173-9305-CF1BE81AFABC #CATMA_FC90038B-2579-4876-8A94-9B43BD58F87D">
                    <ptr target="catma://CATMA_1835E821-66C9-412A-942A-7E2EC72FF1BF#char=4390,4426" type="inclusion"/>
                </seg>
                <seg ana="#CATMA_A4E34833-C071-4D91-BB3F-8091D537D59C #CATMA_BEBE74B9-5518-46BF-BD25-069164C9865E #CATMA_E33C73BF-E29F-4173-9305-CF1BE81AFABC #CATMA_FC90038B-2579-4876-8A94-9B43BD58F87D">
                    <ptr target="catma://CATMA_1835E821-66C9-412A-942A-7E2EC72FF1BF#char=4426,4530" type="inclusion"/>
                </seg>
                <seg ana="#CATMA_A4E34833-C071-4D91-BB3F-8091D537D59C #CATMA_BEBE74B9-5518-46BF-BD25-069164C9865E #CATMA_E33C73BF-E29F-4173-9305-CF1BE81AFABC #CATMA_FC90038B-2579-4876-8A94-9B43BD58F87D">
                    <ptr target="catma://CATMA_1835E821-66C9-412A-942A-7E2EC72FF1BF#char=4530,4557" type="inclusion"/>
                </seg>
                <seg ana="#CATMA_215DB0E0-F06D-4D16-ACD1-6382381EBCEF #CATMA_BEBE74B9-5518-46BF-BD25-069164C9865E #CATMA_E33C73BF-E29F-4173-9305-CF1BE81AFABC #CATMA_FC90038B-2579-4876-8A94-9B43BD58F87D">
                    <ptr target="catma://CATMA_1835E821-66C9-412A-942A-7E2EC72FF1BF#char=4557,4662" type="inclusion"/>
                </seg>
                <seg ana="#CATMA_215DB0E0-F06D-4D16-ACD1-6382381EBCEF #CATMA_BEBE74B9-5518-46BF-BD25-069164C9865E #CATMA_E33C73BF-E29F-4173-9305-CF1BE81AFABC #CATMA_FC90038B-2579-4876-8A94-9B43BD58F87D">
                    <ptr target="catma://CATMA_1835E821-66C9-412A-942A-7E2EC72FF1BF#char=4662,4766" type="inclusion"/>
                </seg>
                <seg ana="#CATMA_215DB0E0-F06D-4D16-ACD1-6382381EBCEF #CATMA_BEBE74B9-5518-46BF-BD25-069164C9865E #CATMA_E33C73BF-E29F-4173-9305-CF1BE81AFABC #CATMA_FC90038B-2579-4876-8A94-9B43BD58F87D">
                    <ptr target="catma://CATMA_1835E821-66C9-412A-942A-7E2EC72FF1BF#char=4766,4871" type="inclusion"/>
                </seg>
                <seg ana="#CATMA_215DB0E0-F06D-4D16-ACD1-6382381EBCEF #CATMA_BEBE74B9-5518-46BF-BD25-069164C9865E #CATMA_E33C73BF-E29F-4173-9305-CF1BE81AFABC #CATMA_FC90038B-2579-4876-8A94-9B43BD58F87D">
                    <ptr target="catma://CATMA_1835E821-66C9-412A-942A-7E2EC72FF1BF#char=4871,4975" type="inclusion"/>
                </seg>
                <seg ana="#CATMA_215DB0E0-F06D-4D16-ACD1-6382381EBCEF #CATMA_BEBE74B9-5518-46BF-BD25-069164C9865E #CATMA_E33C73BF-E29F-4173-9305-CF1BE81AFABC #CATMA_FC90038B-2579-4876-8A94-9B43BD58F87D">
                    <ptr target="catma://CATMA_1835E821-66C9-412A-942A-7E2EC72FF1BF#char=4975,5080" type="inclusion"/>
                </seg>
                <seg ana="#CATMA_215DB0E0-F06D-4D16-ACD1-6382381EBCEF #CATMA_BEBE74B9-5518-46BF-BD25-069164C9865E #CATMA_E33C73BF-E29F-4173-9305-CF1BE81AFABC #CATMA_FC90038B-2579-4876-8A94-9B43BD58F87D">
                    <ptr target="catma://CATMA_1835E821-66C9-412A-942A-7E2EC72FF1BF#char=5080,5180" type="inclusion"/>
                </seg>
                <seg ana="#CATMA_215DB0E0-F06D-4D16-ACD1-6382381EBCEF #CATMA_BEBE74B9-5518-46BF-BD25-069164C9865E #CATMA_E33C73BF-E29F-4173-9305-CF1BE81AFABC #CATMA_FC90038B-2579-4876-8A94-9B43BD58F87D">
                    <ptr target="catma://CATMA_1835E821-66C9-412A-942A-7E2EC72FF1BF#char=5180,5285" type="inclusion"/>
                </seg>
                <seg ana="#CATMA_215DB0E0-F06D-4D16-ACD1-6382381EBCEF #CATMA_BEBE74B9-5518-46BF-BD25-069164C9865E #CATMA_E33C73BF-E29F-4173-9305-CF1BE81AFABC #CATMA_FC90038B-2579-4876-8A94-9B43BD58F87D">
                    <ptr target="catma://CATMA_1835E821-66C9-412A-942A-7E2EC72FF1BF#char=5285,5360" type="inclusion"/>
                </seg>
                <seg ana="#CATMA_6B94282C-79B0-4B10-95B6-49AEE2BC8E37 #CATMA_BEBE74B9-5518-46BF-BD25-069164C9865E #CATMA_E33C73BF-E29F-4173-9305-CF1BE81AFABC #CATMA_C68B4FE3-F74E-4977-B535-8EB69D9D4C97">
                    <ptr target="catma://CATMA_1835E821-66C9-412A-942A-7E2EC72FF1BF#char=5360,5459" type="inclusion"/>
                </seg>
                <seg ana="#CATMA_6B94282C-79B0-4B10-95B6-49AEE2BC8E37 #CATMA_BEBE74B9-5518-46BF-BD25-069164C9865E #CATMA_E33C73BF-E29F-4173-9305-CF1BE81AFABC #CATMA_C68B4FE3-F74E-4977-B535-8EB69D9D4C97">
                    <ptr target="catma://CATMA_1835E821-66C9-412A-942A-7E2EC72FF1BF#char=5459,5560" type="inclusion"/>
                </seg>
                <seg ana="#CATMA_6B94282C-79B0-4B10-95B6-49AEE2BC8E37 #CATMA_BEBE74B9-5518-46BF-BD25-069164C9865E #CATMA_E33C73BF-E29F-4173-9305-CF1BE81AFABC #CATMA_C68B4FE3-F74E-4977-B535-8EB69D9D4C97">
                    <ptr target="catma://CATMA_1835E821-66C9-412A-942A-7E2EC72FF1BF#char=5560,5631" type="inclusion"/>
                </seg>
                <seg ana="#CATMA_F3818B5A-70D7-4E66-A345-556B7A579233 #CATMA_BEBE74B9-5518-46BF-BD25-069164C9865E #CATMA_E33C73BF-E29F-4173-9305-CF1BE81AFABC #CATMA_C68B4FE3-F74E-4977-B535-8EB69D9D4C97">
                    <ptr target="catma://CATMA_1835E821-66C9-412A-942A-7E2EC72FF1BF#char=5631,5733" type="inclusion"/>
                </seg>
                <seg ana="#CATMA_F3818B5A-70D7-4E66-A345-556B7A579233 #CATMA_BEBE74B9-5518-46BF-BD25-069164C9865E #CATMA_E33C73BF-E29F-4173-9305-CF1BE81AFABC #CATMA_C68B4FE3-F74E-4977-B535-8EB69D9D4C97">
                    <ptr target="catma://CATMA_1835E821-66C9-412A-942A-7E2EC72FF1BF#char=5733,5835" type="inclusion"/>
                </seg>
                <seg ana="#CATMA_C45E0DE2-01AD-4BC7-ADAF-8343E08244FE #CATMA_81B90FF1-4D58-4F8E-B470-AE079815480B #CATMA_ABF6542A-DDAD-4838-8828-5E6A9E541516 #CATMA_BEBE74B9-5518-46BF-BD25-069164C9865E #CATMA_E33C73BF-E29F-4173-9305-CF1BE81AFABC #CATMA_C68B4FE3-F74E-4977-B535-8EB69D9D4C97">
                    <ptr target="catma://CATMA_1835E821-66C9-412A-942A-7E2EC72FF1BF#char=5835,5937" type="inclusion"/>
                </seg>
                <seg ana="#CATMA_C45E0DE2-01AD-4BC7-ADAF-8343E08244FE #CATMA_81B90FF1-4D58-4F8E-B470-AE079815480B #CATMA_ABF6542A-DDAD-4838-8828-5E6A9E541516 #CATMA_BEBE74B9-5518-46BF-BD25-069164C9865E #CATMA_E33C73BF-E29F-4173-9305-CF1BE81AFABC #CATMA_C68B4FE3-F74E-4977-B535-8EB69D9D4C97">
                    <ptr target="catma://CATMA_1835E821-66C9-412A-942A-7E2EC72FF1BF#char=5937,6041" type="inclusion"/>
                </seg>
                <seg ana="#CATMA_C45E0DE2-01AD-4BC7-ADAF-8343E08244FE #CATMA_81B90FF1-4D58-4F8E-B470-AE079815480B #CATMA_ABF6542A-DDAD-4838-8828-5E6A9E541516 #CATMA_BEBE74B9-5518-46BF-BD25-069164C9865E #CATMA_E33C73BF-E29F-4173-9305-CF1BE81AFABC #CATMA_C68B4FE3-F74E-4977-B535-8EB69D9D4C97">
                    <ptr target="catma://CATMA_1835E821-66C9-412A-942A-7E2EC72FF1BF#char=6041,6050" type="inclusion"/>
                </seg>
                <seg ana="#CATMA_261B2A55-5E4C-497E-BACA-ABD7F1F705B8 #CATMA_BEBE74B9-5518-46BF-BD25-069164C9865E #CATMA_E33C73BF-E29F-4173-9305-CF1BE81AFABC #CATMA_C68B4FE3-F74E-4977-B535-8EB69D9D4C97">
                    <ptr target="catma://CATMA_1835E821-66C9-412A-942A-7E2EC72FF1BF#char=6050,6153" type="inclusion"/>
                </seg>
                <seg ana="#CATMA_261B2A55-5E4C-497E-BACA-ABD7F1F705B8 #CATMA_BEBE74B9-5518-46BF-BD25-069164C9865E #CATMA_E33C73BF-E29F-4173-9305-CF1BE81AFABC #CATMA_C68B4FE3-F74E-4977-B535-8EB69D9D4C97">
                    <ptr target="catma://CATMA_1835E821-66C9-412A-942A-7E2EC72FF1BF#char=6153,6165" type="inclusion"/>
                </seg>
                <seg ana="#CATMA_DA142EA9-68CE-4628-8A5C-282B96DA1A5C #CATMA_BEBE74B9-5518-46BF-BD25-069164C9865E #CATMA_E33C73BF-E29F-4173-9305-CF1BE81AFABC #CATMA_C68B4FE3-F74E-4977-B535-8EB69D9D4C97">
                    <ptr target="catma://CATMA_1835E821-66C9-412A-942A-7E2EC72FF1BF#char=6165,6269" type="inclusion"/>
                </seg>
                <seg ana="#CATMA_DA142EA9-68CE-4628-8A5C-282B96DA1A5C #CATMA_BEBE74B9-5518-46BF-BD25-069164C9865E #CATMA_E33C73BF-E29F-4173-9305-CF1BE81AFABC #CATMA_C68B4FE3-F74E-4977-B535-8EB69D9D4C97">
                    <ptr target="catma://CATMA_1835E821-66C9-412A-942A-7E2EC72FF1BF#char=6269,6374" type="inclusion"/>
                </seg>
                <seg ana="#CATMA_DA142EA9-68CE-4628-8A5C-282B96DA1A5C #CATMA_BEBE74B9-5518-46BF-BD25-069164C9865E #CATMA_E33C73BF-E29F-4173-9305-CF1BE81AFABC #CATMA_C68B4FE3-F74E-4977-B535-8EB69D9D4C97">
                    <ptr target="catma://CATMA_1835E821-66C9-412A-942A-7E2EC72FF1BF#char=6374,6474" type="inclusion"/>
                </seg>
                <seg ana="#CATMA_DA142EA9-68CE-4628-8A5C-282B96DA1A5C #CATMA_BEBE74B9-5518-46BF-BD25-069164C9865E #CATMA_E33C73BF-E29F-4173-9305-CF1BE81AFABC #CATMA_C68B4FE3-F74E-4977-B535-8EB69D9D4C97">
                    <ptr target="catma://CATMA_1835E821-66C9-412A-942A-7E2EC72FF1BF#char=6474,6514" type="inclusion"/>
                </seg>
                <seg ana="#CATMA_DA142EA9-68CE-4628-8A5C-282B96DA1A5C #CATMA_2DCD3606-9AC3-4DEA-AEE3-3284A4D13C8D #CATMA_1B96A579-9AFD-47A0-940D-7ED1D06FD9E3 #CATMA_1FAE370A-5336-4472-9438-CD095A8BEF2E #CATMA_BEBE74B9-5518-46BF-BD25-069164C9865E #CATMA_E33C73BF-E29F-4173-9305-CF1BE81AFABC #CATMA_C68B4FE3-F74E-4977-B535-8EB69D9D4C97">
                    <ptr target="catma://CATMA_1835E821-66C9-412A-942A-7E2EC72FF1BF#char=6514,6563" type="inclusion"/>
                </seg>
                <seg ana="#CATMA_67C00173-20AF-43F5-A6F4-6EF781676E3E #CATMA_BEBE74B9-5518-46BF-BD25-069164C9865E #CATMA_E33C73BF-E29F-4173-9305-CF1BE81AFABC #CATMA_45C7794F-741E-4190-9CAC-72A1C69FDC45">
                    <ptr target="catma://CATMA_1835E821-66C9-412A-942A-7E2EC72FF1BF#char=6563,6666" type="inclusion"/>
                </seg>
                <seg ana="#CATMA_67C00173-20AF-43F5-A6F4-6EF781676E3E #CATMA_BEBE74B9-5518-46BF-BD25-069164C9865E #CATMA_E33C73BF-E29F-4173-9305-CF1BE81AFABC #CATMA_45C7794F-741E-4190-9CAC-72A1C69FDC45">
                    <ptr target="catma://CATMA_1835E821-66C9-412A-942A-7E2EC72FF1BF#char=6666,6769" type="inclusion"/>
                </seg>
                <seg ana="#CATMA_67C00173-20AF-43F5-A6F4-6EF781676E3E #CATMA_BEBE74B9-5518-46BF-BD25-069164C9865E #CATMA_E33C73BF-E29F-4173-9305-CF1BE81AFABC #CATMA_45C7794F-741E-4190-9CAC-72A1C69FDC45">
                    <ptr target="catma://CATMA_1835E821-66C9-412A-942A-7E2EC72FF1BF#char=6769,6871" type="inclusion"/>
                </seg>
                <seg ana="#CATMA_67C00173-20AF-43F5-A6F4-6EF781676E3E #CATMA_BEBE74B9-5518-46BF-BD25-069164C9865E #CATMA_E33C73BF-E29F-4173-9305-CF1BE81AFABC #CATMA_45C7794F-741E-4190-9CAC-72A1C69FDC45">
                    <ptr target="catma://CATMA_1835E821-66C9-412A-942A-7E2EC72FF1BF#char=6871,6972" type="inclusion"/>
                </seg>
                <seg ana="#CATMA_67C00173-20AF-43F5-A6F4-6EF781676E3E #CATMA_BEBE74B9-5518-46BF-BD25-069164C9865E #CATMA_E33C73BF-E29F-4173-9305-CF1BE81AFABC #CATMA_45C7794F-741E-4190-9CAC-72A1C69FDC45">
                    <ptr target="catma://CATMA_1835E821-66C9-412A-942A-7E2EC72FF1BF#char=6972,7075" type="inclusion"/>
                </seg>
                <seg ana="#CATMA_67C00173-20AF-43F5-A6F4-6EF781676E3E #CATMA_BEBE74B9-5518-46BF-BD25-069164C9865E #CATMA_E33C73BF-E29F-4173-9305-CF1BE81AFABC #CATMA_45C7794F-741E-4190-9CAC-72A1C69FDC45">
                    <ptr target="catma://CATMA_1835E821-66C9-412A-942A-7E2EC72FF1BF#char=7075,7156" type="inclusion"/>
                </seg>
                <seg ana="#CATMA_BA886958-2002-4E44-AB30-334BE3A9920B #CATMA_BEBE74B9-5518-46BF-BD25-069164C9865E #CATMA_E33C73BF-E29F-4173-9305-CF1BE81AFABC #CATMA_45C7794F-741E-4190-9CAC-72A1C69FDC45">
                    <ptr target="catma://CATMA_1835E821-66C9-412A-942A-7E2EC72FF1BF#char=7156,7204" type="inclusion"/>
                </seg>
                <seg ana="#CATMA_9B5462F6-B43B-4745-AAA2-F50C33C31E11 #CATMA_75860205-D30D-450D-AD1D-AE36BAF2C8DC #CATMA_B24881E9-14F0-4A7F-BB38-7FBCB29B1FD1 #CATMA_BEBE74B9-5518-46BF-BD25-069164C9865E #CATMA_E33C73BF-E29F-4173-9305-CF1BE81AFABC #CATMA_45C7794F-741E-4190-9CAC-72A1C69FDC45">
                    <ptr target="catma://CATMA_1835E821-66C9-412A-942A-7E2EC72FF1BF#char=7204,7309" type="inclusion"/>
                </seg>
                <seg ana="#CATMA_9B5462F6-B43B-4745-AAA2-F50C33C31E11 #CATMA_75860205-D30D-450D-AD1D-AE36BAF2C8DC #CATMA_B24881E9-14F0-4A7F-BB38-7FBCB29B1FD1 #CATMA_BEBE74B9-5518-46BF-BD25-069164C9865E #CATMA_E33C73BF-E29F-4173-9305-CF1BE81AFABC #CATMA_45C7794F-741E-4190-9CAC-72A1C69FDC45">
                    <ptr target="catma://CATMA_1835E821-66C9-412A-942A-7E2EC72FF1BF#char=7309,7414" type="inclusion"/>
                </seg>
                <seg ana="#CATMA_9B5462F6-B43B-4745-AAA2-F50C33C31E11 #CATMA_75860205-D30D-450D-AD1D-AE36BAF2C8DC #CATMA_B24881E9-14F0-4A7F-BB38-7FBCB29B1FD1 #CATMA_BEBE74B9-5518-46BF-BD25-069164C9865E #CATMA_E33C73BF-E29F-4173-9305-CF1BE81AFABC #CATMA_45C7794F-741E-4190-9CAC-72A1C69FDC45">
                    <ptr target="catma://CATMA_1835E821-66C9-412A-942A-7E2EC72FF1BF#char=7414,7516" type="inclusion"/>
                </seg>
                <seg ana="#CATMA_9B5462F6-B43B-4745-AAA2-F50C33C31E11 #CATMA_75860205-D30D-450D-AD1D-AE36BAF2C8DC #CATMA_B24881E9-14F0-4A7F-BB38-7FBCB29B1FD1 #CATMA_BEBE74B9-5518-46BF-BD25-069164C9865E #CATMA_E33C73BF-E29F-4173-9305-CF1BE81AFABC #CATMA_45C7794F-741E-4190-9CAC-72A1C69FDC45">
                    <ptr target="catma://CATMA_1835E821-66C9-412A-942A-7E2EC72FF1BF#char=7516,7587" type="inclusion"/>
                </seg>
                <seg ana="#CATMA_EEF9BD57-BF0E-4798-B6ED-D474C64F75A5 #CATMA_75860205-D30D-450D-AD1D-AE36BAF2C8DC #CATMA_4DB6447B-D215-418C-BEF6-F1DCAF50A8D7 #CATMA_BEBE74B9-5518-46BF-BD25-069164C9865E #CATMA_E33C73BF-E29F-4173-9305-CF1BE81AFABC #CATMA_45C7794F-741E-4190-9CAC-72A1C69FDC45">
                    <ptr target="catma://CATMA_1835E821-66C9-412A-942A-7E2EC72FF1BF#char=7587,7626" type="inclusion"/>
                </seg>
                <seg ana="#CATMA_EEF9BD57-BF0E-4798-B6ED-D474C64F75A5 #CATMA_75860205-D30D-450D-AD1D-AE36BAF2C8DC #CATMA_5E6B9BE2-8342-49D3-A758-FD8735572457 #CATMA_4DB6447B-D215-418C-BEF6-F1DCAF50A8D7 #CATMA_BEBE74B9-5518-46BF-BD25-069164C9865E #CATMA_E33C73BF-E29F-4173-9305-CF1BE81AFABC #CATMA_45C7794F-741E-4190-9CAC-72A1C69FDC45">
                    <ptr target="catma://CATMA_1835E821-66C9-412A-942A-7E2EC72FF1BF#char=7626,7692" type="inclusion"/>
                </seg>
                <seg ana="#CATMA_EEF9BD57-BF0E-4798-B6ED-D474C64F75A5 #CATMA_75860205-D30D-450D-AD1D-AE36BAF2C8DC #CATMA_5E6B9BE2-8342-49D3-A758-FD8735572457 #CATMA_4DB6447B-D215-418C-BEF6-F1DCAF50A8D7 #CATMA_BEBE74B9-5518-46BF-BD25-069164C9865E #CATMA_E33C73BF-E29F-4173-9305-CF1BE81AFABC #CATMA_45C7794F-741E-4190-9CAC-72A1C69FDC45">
                    <ptr target="catma://CATMA_1835E821-66C9-412A-942A-7E2EC72FF1BF#char=7692,7726" type="inclusion"/>
                </seg>
                <seg ana="#CATMA_23ECE25C-0C81-4E64-BFF9-DD7E6C250F3F #CATMA_75860205-D30D-450D-AD1D-AE36BAF2C8DC #CATMA_F513746E-E53A-4B1A-8FC7-CA619F8F29C4 #CATMA_BEBE74B9-5518-46BF-BD25-069164C9865E #CATMA_E33C73BF-E29F-4173-9305-CF1BE81AFABC #CATMA_45C7794F-741E-4190-9CAC-72A1C69FDC45">
                    <ptr target="catma://CATMA_1835E821-66C9-412A-942A-7E2EC72FF1BF#char=7726,7829" type="inclusion"/>
                </seg>
                <seg ana="#CATMA_23ECE25C-0C81-4E64-BFF9-DD7E6C250F3F #CATMA_75860205-D30D-450D-AD1D-AE36BAF2C8DC #CATMA_F513746E-E53A-4B1A-8FC7-CA619F8F29C4 #CATMA_BEBE74B9-5518-46BF-BD25-069164C9865E #CATMA_E33C73BF-E29F-4173-9305-CF1BE81AFABC #CATMA_45C7794F-741E-4190-9CAC-72A1C69FDC45">
                    <ptr target="catma://CATMA_1835E821-66C9-412A-942A-7E2EC72FF1BF#char=7829,7840" type="inclusion"/>
                </seg>
                <seg ana="#CATMA_2B08EC39-4E1C-42A7-8D6B-4FB7D6DB262C #CATMA_BEBE74B9-5518-46BF-BD25-069164C9865E #CATMA_E33C73BF-E29F-4173-9305-CF1BE81AFABC #CATMA_45C7794F-741E-4190-9CAC-72A1C69FDC45">
                    <ptr target="catma://CATMA_1835E821-66C9-412A-942A-7E2EC72FF1BF#char=7840,7878" type="inclusion"/>
                </seg>
                <seg ana="#CATMA_1B9E551A-526F-4327-A5B5-ED0F924E1D97 #CATMA_2776744F-EDF0-4547-9685-922EB368529A #CATMA_6ABF3C06-4849-49C9-9748-EBDD398E4350 #CATMA_BEBE74B9-5518-46BF-BD25-069164C9865E #CATMA_E33C73BF-E29F-4173-9305-CF1BE81AFABC #CATMA_45C7794F-741E-4190-9CAC-72A1C69FDC45">
                    <ptr target="catma://CATMA_1835E821-66C9-412A-942A-7E2EC72FF1BF#char=7878,7916" type="inclusion"/>
                </seg>
                <seg ana="#CATMA_1B9E551A-526F-4327-A5B5-ED0F924E1D97 #CATMA_2776744F-EDF0-4547-9685-922EB368529A #CATMA_87BF6564-B088-4B18-8D64-EF72DE960F7D #CATMA_6ABF3C06-4849-49C9-9748-EBDD398E4350 #CATMA_BEBE74B9-5518-46BF-BD25-069164C9865E #CATMA_E33C73BF-E29F-4173-9305-CF1BE81AFABC #CATMA_45C7794F-741E-4190-9CAC-72A1C69FDC45">
                    <ptr target="catma://CATMA_1835E821-66C9-412A-942A-7E2EC72FF1BF#char=7916,7947" type="inclusion"/>
                </seg>
                <seg ana="#CATMA_B997AE77-36BE-47D9-AA88-C1CE9535C4E9 #CATMA_2776744F-EDF0-4547-9685-922EB368529A #CATMA_1C2CA89D-CF64-4B50-A7E0-3C76C254CBB3 #CATMA_BEBE74B9-5518-46BF-BD25-069164C9865E #CATMA_E33C73BF-E29F-4173-9305-CF1BE81AFABC #CATMA_45C7794F-741E-4190-9CAC-72A1C69FDC45">
                    <ptr target="catma://CATMA_1835E821-66C9-412A-942A-7E2EC72FF1BF#char=7947,8049" type="inclusion"/>
                </seg>
                <seg ana="#CATMA_B997AE77-36BE-47D9-AA88-C1CE9535C4E9 #CATMA_2776744F-EDF0-4547-9685-922EB368529A #CATMA_1C2CA89D-CF64-4B50-A7E0-3C76C254CBB3 #CATMA_BEBE74B9-5518-46BF-BD25-069164C9865E #CATMA_E33C73BF-E29F-4173-9305-CF1BE81AFABC #CATMA_45C7794F-741E-4190-9CAC-72A1C69FDC45">
                    <ptr target="catma://CATMA_1835E821-66C9-412A-942A-7E2EC72FF1BF#char=8049,8145" type="inclusion"/>
                </seg>
                <seg ana="#CATMA_B997AE77-36BE-47D9-AA88-C1CE9535C4E9 #CATMA_2776744F-EDF0-4547-9685-922EB368529A #CATMA_1B77B5E8-3A35-4C58-8331-7C0B6E9E0466 #CATMA_1C2CA89D-CF64-4B50-A7E0-3C76C254CBB3 #CATMA_BEBE74B9-5518-46BF-BD25-069164C9865E #CATMA_E33C73BF-E29F-4173-9305-CF1BE81AFABC #CATMA_45C7794F-741E-4190-9CAC-72A1C69FDC45">
                    <ptr target="catma://CATMA_1835E821-66C9-412A-942A-7E2EC72FF1BF#char=8145,8150" type="inclusion"/>
                </seg>
                <seg ana="#CATMA_B997AE77-36BE-47D9-AA88-C1CE9535C4E9 #CATMA_2776744F-EDF0-4547-9685-922EB368529A #CATMA_1B77B5E8-3A35-4C58-8331-7C0B6E9E0466 #CATMA_1C2CA89D-CF64-4B50-A7E0-3C76C254CBB3 #CATMA_BEBE74B9-5518-46BF-BD25-069164C9865E #CATMA_E33C73BF-E29F-4173-9305-CF1BE81AFABC #CATMA_45C7794F-741E-4190-9CAC-72A1C69FDC45">
                    <ptr target="catma://CATMA_1835E821-66C9-412A-942A-7E2EC72FF1BF#char=8150,8174" type="inclusion"/>
                </seg>
                <seg ana="#CATMA_B997AE77-36BE-47D9-AA88-C1CE9535C4E9 #CATMA_2776744F-EDF0-4547-9685-922EB368529A #CATMA_1C2CA89D-CF64-4B50-A7E0-3C76C254CBB3 #CATMA_BEBE74B9-5518-46BF-BD25-069164C9865E #CATMA_E33C73BF-E29F-4173-9305-CF1BE81AFABC #CATMA_45C7794F-741E-4190-9CAC-72A1C69FDC45">
                    <ptr target="catma://CATMA_1835E821-66C9-412A-942A-7E2EC72FF1BF#char=8174,8255" type="inclusion"/>
                </seg>
                <seg ana="#CATMA_E4CD9BC7-46B9-4FD3-86F9-72B6C0A6A246 #CATMA_BEBE74B9-5518-46BF-BD25-069164C9865E #CATMA_E33C73BF-E29F-4173-9305-CF1BE81AFABC #CATMA_45C7794F-741E-4190-9CAC-72A1C69FDC45">
                    <ptr target="catma://CATMA_1835E821-66C9-412A-942A-7E2EC72FF1BF#char=8255,8359" type="inclusion"/>
                </seg>
                <seg ana="#CATMA_E4CD9BC7-46B9-4FD3-86F9-72B6C0A6A246 #CATMA_BEBE74B9-5518-46BF-BD25-069164C9865E #CATMA_E33C73BF-E29F-4173-9305-CF1BE81AFABC #CATMA_45C7794F-741E-4190-9CAC-72A1C69FDC45">
                    <ptr target="catma://CATMA_1835E821-66C9-412A-942A-7E2EC72FF1BF#char=8359,8464" type="inclusion"/>
                </seg>
                <seg ana="#CATMA_E4CD9BC7-46B9-4FD3-86F9-72B6C0A6A246 #CATMA_BEBE74B9-5518-46BF-BD25-069164C9865E #CATMA_E33C73BF-E29F-4173-9305-CF1BE81AFABC #CATMA_45C7794F-741E-4190-9CAC-72A1C69FDC45">
                    <ptr target="catma://CATMA_1835E821-66C9-412A-942A-7E2EC72FF1BF#char=8464,8569" type="inclusion"/>
                </seg>
                <seg ana="#CATMA_E4CD9BC7-46B9-4FD3-86F9-72B6C0A6A246 #CATMA_BEBE74B9-5518-46BF-BD25-069164C9865E #CATMA_E33C73BF-E29F-4173-9305-CF1BE81AFABC #CATMA_45C7794F-741E-4190-9CAC-72A1C69FDC45">
                    <ptr target="catma://CATMA_1835E821-66C9-412A-942A-7E2EC72FF1BF#char=8569,8665" type="inclusion"/>
                </seg>
                <seg ana="#CATMA_16539F03-FED3-4FCC-92B6-90FDDECCB95B #CATMA_BEBE74B9-5518-46BF-BD25-069164C9865E #CATMA_E33C73BF-E29F-4173-9305-CF1BE81AFABC #CATMA_45C7794F-741E-4190-9CAC-72A1C69FDC45">
                    <ptr target="catma://CATMA_1835E821-66C9-412A-942A-7E2EC72FF1BF#char=8665,8739" type="inclusion"/>
                </seg>
                <seg ana="#CATMA_53316A02-DEEA-4409-9FC9-319327E24F54 #CATMA_D1EDCE1A-C7A2-4672-A5D0-E6CD763FF70A #CATMA_E01F7CC3-FCE0-4A7C-9454-A9204F0D86C6 #CATMA_BEBE74B9-5518-46BF-BD25-069164C9865E #CATMA_E33C73BF-E29F-4173-9305-CF1BE81AFABC #CATMA_45C7794F-741E-4190-9CAC-72A1C69FDC45">
                    <ptr target="catma://CATMA_1835E821-66C9-412A-942A-7E2EC72FF1BF#char=8739,8838" type="inclusion"/>
                </seg>
                <seg ana="#CATMA_53316A02-DEEA-4409-9FC9-319327E24F54 #CATMA_D1EDCE1A-C7A2-4672-A5D0-E6CD763FF70A #CATMA_E01F7CC3-FCE0-4A7C-9454-A9204F0D86C6 #CATMA_BEBE74B9-5518-46BF-BD25-069164C9865E #CATMA_E33C73BF-E29F-4173-9305-CF1BE81AFABC #CATMA_45C7794F-741E-4190-9CAC-72A1C69FDC45">
                    <ptr target="catma://CATMA_1835E821-66C9-412A-942A-7E2EC72FF1BF#char=8838,8938" type="inclusion"/>
                </seg>
                <seg ana="#CATMA_53316A02-DEEA-4409-9FC9-319327E24F54 #CATMA_D1EDCE1A-C7A2-4672-A5D0-E6CD763FF70A #CATMA_E01F7CC3-FCE0-4A7C-9454-A9204F0D86C6 #CATMA_BEBE74B9-5518-46BF-BD25-069164C9865E #CATMA_E33C73BF-E29F-4173-9305-CF1BE81AFABC #CATMA_45C7794F-741E-4190-9CAC-72A1C69FDC45">
                    <ptr target="catma://CATMA_1835E821-66C9-412A-942A-7E2EC72FF1BF#char=8938,8999" type="inclusion"/>
                </seg>
                <seg ana="#CATMA_FB873133-F304-49D4-829F-058F8C93C739 #CATMA_BEBE74B9-5518-46BF-BD25-069164C9865E #CATMA_E33C73BF-E29F-4173-9305-CF1BE81AFABC #CATMA_45C7794F-741E-4190-9CAC-72A1C69FDC45">
                    <ptr target="catma://CATMA_1835E821-66C9-412A-942A-7E2EC72FF1BF#char=8999,9100" type="inclusion"/>
                </seg>
                <seg ana="#CATMA_FB873133-F304-49D4-829F-058F8C93C739 #CATMA_BEBE74B9-5518-46BF-BD25-069164C9865E #CATMA_E33C73BF-E29F-4173-9305-CF1BE81AFABC #CATMA_45C7794F-741E-4190-9CAC-72A1C69FDC45">
                    <ptr target="catma://CATMA_1835E821-66C9-412A-942A-7E2EC72FF1BF#char=9100,9203" type="inclusion"/>
                </seg>
                <seg ana="#CATMA_FB873133-F304-49D4-829F-058F8C93C739 #CATMA_BEBE74B9-5518-46BF-BD25-069164C9865E #CATMA_E33C73BF-E29F-4173-9305-CF1BE81AFABC #CATMA_45C7794F-741E-4190-9CAC-72A1C69FDC45">
                    <ptr target="catma://CATMA_1835E821-66C9-412A-942A-7E2EC72FF1BF#char=9203,9255" type="inclusion"/>
                </seg>
                <seg ana="#CATMA_2397AE01-86B9-4AD8-B512-0602F067EF6D #CATMA_BEBE74B9-5518-46BF-BD25-069164C9865E #CATMA_E33C73BF-E29F-4173-9305-CF1BE81AFABC #CATMA_45C7794F-741E-4190-9CAC-72A1C69FDC45">
                    <ptr target="catma://CATMA_1835E821-66C9-412A-942A-7E2EC72FF1BF#char=9255,9357" type="inclusion"/>
                </seg>
                <seg ana="#CATMA_2397AE01-86B9-4AD8-B512-0602F067EF6D #CATMA_BEBE74B9-5518-46BF-BD25-069164C9865E #CATMA_E33C73BF-E29F-4173-9305-CF1BE81AFABC #CATMA_45C7794F-741E-4190-9CAC-72A1C69FDC45">
                    <ptr target="catma://CATMA_1835E821-66C9-412A-942A-7E2EC72FF1BF#char=9357,9461" type="inclusion"/>
                </seg>
                <seg ana="#CATMA_2397AE01-86B9-4AD8-B512-0602F067EF6D #CATMA_BEBE74B9-5518-46BF-BD25-069164C9865E #CATMA_E33C73BF-E29F-4173-9305-CF1BE81AFABC #CATMA_45C7794F-741E-4190-9CAC-72A1C69FDC45">
                    <ptr target="catma://CATMA_1835E821-66C9-412A-942A-7E2EC72FF1BF#char=9461,9566" type="inclusion"/>
                </seg>
                <seg ana="#CATMA_2397AE01-86B9-4AD8-B512-0602F067EF6D #CATMA_BEBE74B9-5518-46BF-BD25-069164C9865E #CATMA_E33C73BF-E29F-4173-9305-CF1BE81AFABC #CATMA_45C7794F-741E-4190-9CAC-72A1C69FDC45">
                    <ptr target="catma://CATMA_1835E821-66C9-412A-942A-7E2EC72FF1BF#char=9566,9671" type="inclusion"/>
                </seg>
                <seg ana="#CATMA_2397AE01-86B9-4AD8-B512-0602F067EF6D #CATMA_BEBE74B9-5518-46BF-BD25-069164C9865E #CATMA_E33C73BF-E29F-4173-9305-CF1BE81AFABC #CATMA_45C7794F-741E-4190-9CAC-72A1C69FDC45">
                    <ptr target="catma://CATMA_1835E821-66C9-412A-942A-7E2EC72FF1BF#char=9671,9706" type="inclusion"/>
                </seg>
                <seg ana="#CATMA_83260265-ABCA-4433-9AFB-B96BBE8EE611 #CATMA_BEBE74B9-5518-46BF-BD25-069164C9865E #CATMA_E33C73BF-E29F-4173-9305-CF1BE81AFABC #CATMA_45C7794F-741E-4190-9CAC-72A1C69FDC45">
                    <ptr target="catma://CATMA_1835E821-66C9-412A-942A-7E2EC72FF1BF#char=9706,9808" type="inclusion"/>
                </seg>
                <seg ana="#CATMA_83260265-ABCA-4433-9AFB-B96BBE8EE611 #CATMA_85ED7613-3150-4685-9FA6-C2EFA2C15037 #CATMA_753FC417-9E2F-4E02-B272-5154D4BB9D76 #CATMA_18C5E532-F5EC-4926-987B-2F5A6039E449 #CATMA_BEBE74B9-5518-46BF-BD25-069164C9865E #CATMA_E33C73BF-E29F-4173-9305-CF1BE81AFABC #CATMA_45C7794F-741E-4190-9CAC-72A1C69FDC45">
                    <ptr target="catma://CATMA_1835E821-66C9-412A-942A-7E2EC72FF1BF#char=9808,9844" type="inclusion"/>
                </seg>
                <seg ana="#CATMA_1D8BB94E-8A20-4F90-8A05-FEF45C615054 #CATMA_BEBE74B9-5518-46BF-BD25-069164C9865E #CATMA_E33C73BF-E29F-4173-9305-CF1BE81AFABC #CATMA_45C7794F-741E-4190-9CAC-72A1C69FDC45">
                    <ptr target="catma://CATMA_1835E821-66C9-412A-942A-7E2EC72FF1BF#char=9844,9898" type="inclusion"/>
                </seg>
                <seg ana="#CATMA_1D8BB94E-8A20-4F90-8A05-FEF45C615054 #CATMA_439A5970-6DE7-4433-A33E-F61B9529DCCD #CATMA_6E8171EF-D6A5-40F4-AD2D-1968A2794BFD #CATMA_26C4F3B3-C411-4276-86E7-9073E6508331 #CATMA_BEBE74B9-5518-46BF-BD25-069164C9865E #CATMA_E33C73BF-E29F-4173-9305-CF1BE81AFABC #CATMA_45C7794F-741E-4190-9CAC-72A1C69FDC45">
                    <ptr target="catma://CATMA_1835E821-66C9-412A-942A-7E2EC72FF1BF#char=9898,9916" type="inclusion"/>
                </seg>
                <seg ana="#CATMA_BF603241-9463-4B70-A64D-53684E3B1D3E #CATMA_BEBE74B9-5518-46BF-BD25-069164C9865E #CATMA_E33C73BF-E29F-4173-9305-CF1BE81AFABC #CATMA_45C7794F-741E-4190-9CAC-72A1C69FDC45">
                    <ptr target="catma://CATMA_1835E821-66C9-412A-942A-7E2EC72FF1BF#char=9916,10020" type="inclusion"/>
                </seg>
                <seg ana="#CATMA_BF603241-9463-4B70-A64D-53684E3B1D3E #CATMA_BEBE74B9-5518-46BF-BD25-069164C9865E #CATMA_E33C73BF-E29F-4173-9305-CF1BE81AFABC #CATMA_45C7794F-741E-4190-9CAC-72A1C69FDC45">
                    <ptr target="catma://CATMA_1835E821-66C9-412A-942A-7E2EC72FF1BF#char=10020,10103" type="inclusion"/>
                </seg>
                <seg ana="#CATMA_BFE5EAA5-B516-4270-8BE8-5A2FFBE0794A #CATMA_2D2A65BC-0808-432D-82C7-8671EDE0EF04 #CATMA_2C0EA774-45A2-49FF-AE25-2277F0377B9A #CATMA_BEBE74B9-5518-46BF-BD25-069164C9865E #CATMA_E33C73BF-E29F-4173-9305-CF1BE81AFABC #CATMA_45C7794F-741E-4190-9CAC-72A1C69FDC45">
                    <ptr target="catma://CATMA_1835E821-66C9-412A-942A-7E2EC72FF1BF#char=10103,10204" type="inclusion"/>
                </seg>
                <seg ana="#CATMA_BFE5EAA5-B516-4270-8BE8-5A2FFBE0794A #CATMA_2D2A65BC-0808-432D-82C7-8671EDE0EF04 #CATMA_2C0EA774-45A2-49FF-AE25-2277F0377B9A #CATMA_BEBE74B9-5518-46BF-BD25-069164C9865E #CATMA_E33C73BF-E29F-4173-9305-CF1BE81AFABC #CATMA_45C7794F-741E-4190-9CAC-72A1C69FDC45">
                    <ptr target="catma://CATMA_1835E821-66C9-412A-942A-7E2EC72FF1BF#char=10204,10277" type="inclusion"/>
                </seg>
                <seg ana="#CATMA_5ECA26D8-01B8-4114-9ACC-3913E55707C3 #CATMA_BEBE74B9-5518-46BF-BD25-069164C9865E #CATMA_E33C73BF-E29F-4173-9305-CF1BE81AFABC #CATMA_45C7794F-741E-4190-9CAC-72A1C69FDC45">
                    <ptr target="catma://CATMA_1835E821-66C9-412A-942A-7E2EC72FF1BF#char=10277,10376" type="inclusion"/>
                </seg>
                <seg ana="#CATMA_5ECA26D8-01B8-4114-9ACC-3913E55707C3 #CATMA_BEBE74B9-5518-46BF-BD25-069164C9865E #CATMA_E33C73BF-E29F-4173-9305-CF1BE81AFABC #CATMA_45C7794F-741E-4190-9CAC-72A1C69FDC45">
                    <ptr target="catma://CATMA_1835E821-66C9-412A-942A-7E2EC72FF1BF#char=10376,10385" type="inclusion"/>
                </seg>
                <seg ana="#CATMA_D4120826-87AC-4742-90CB-54636BF50991 #CATMA_BE87B6A5-F813-4530-9CAB-5E3B040D61E3 #CATMA_4497934F-1C64-4505-B74D-2D5AE6468844 #CATMA_BEBE74B9-5518-46BF-BD25-069164C9865E #CATMA_E33C73BF-E29F-4173-9305-CF1BE81AFABC #CATMA_45C7794F-741E-4190-9CAC-72A1C69FDC45">
                    <ptr target="catma://CATMA_1835E821-66C9-412A-942A-7E2EC72FF1BF#char=10385,10487" type="inclusion"/>
                </seg>
                <seg ana="#CATMA_D4120826-87AC-4742-90CB-54636BF50991 #CATMA_BE87B6A5-F813-4530-9CAB-5E3B040D61E3 #CATMA_4497934F-1C64-4505-B74D-2D5AE6468844 #CATMA_BEBE74B9-5518-46BF-BD25-069164C9865E #CATMA_E33C73BF-E29F-4173-9305-CF1BE81AFABC #CATMA_45C7794F-741E-4190-9CAC-72A1C69FDC45">
                    <ptr target="catma://CATMA_1835E821-66C9-412A-942A-7E2EC72FF1BF#char=10487,10591" type="inclusion"/>
                </seg>
                <seg ana="#CATMA_D4120826-87AC-4742-90CB-54636BF50991 #CATMA_BE87B6A5-F813-4530-9CAB-5E3B040D61E3 #CATMA_4497934F-1C64-4505-B74D-2D5AE6468844 #CATMA_BEBE74B9-5518-46BF-BD25-069164C9865E #CATMA_E33C73BF-E29F-4173-9305-CF1BE81AFABC #CATMA_45C7794F-741E-4190-9CAC-72A1C69FDC45">
                    <ptr target="catma://CATMA_1835E821-66C9-412A-942A-7E2EC72FF1BF#char=10591,10597" type="inclusion"/>
                </seg>
                <seg ana="#CATMA_4F988C35-5244-4E0E-89AC-AA5CF4802C54 #CATMA_BEBE74B9-5518-46BF-BD25-069164C9865E #CATMA_E33C73BF-E29F-4173-9305-CF1BE81AFABC #CATMA_A13903D8-EF87-4C6B-B94A-7B206D39B7FF">
                    <ptr target="catma://CATMA_1835E821-66C9-412A-942A-7E2EC72FF1BF#char=10597,10700" type="inclusion"/>
                </seg>
                <seg ana="#CATMA_4F988C35-5244-4E0E-89AC-AA5CF4802C54 #CATMA_BEBE74B9-5518-46BF-BD25-069164C9865E #CATMA_E33C73BF-E29F-4173-9305-CF1BE81AFABC #CATMA_A13903D8-EF87-4C6B-B94A-7B206D39B7FF">
                    <ptr target="catma://CATMA_1835E821-66C9-412A-942A-7E2EC72FF1BF#char=10700,10801" type="inclusion"/>
                </seg>
                <seg ana="#CATMA_4F988C35-5244-4E0E-89AC-AA5CF4802C54 #CATMA_BEBE74B9-5518-46BF-BD25-069164C9865E #CATMA_E33C73BF-E29F-4173-9305-CF1BE81AFABC #CATMA_A13903D8-EF87-4C6B-B94A-7B206D39B7FF">
                    <ptr target="catma://CATMA_1835E821-66C9-412A-942A-7E2EC72FF1BF#char=10801,10906" type="inclusion"/>
                </seg>
                <seg ana="#CATMA_4F988C35-5244-4E0E-89AC-AA5CF4802C54 #CATMA_BEBE74B9-5518-46BF-BD25-069164C9865E #CATMA_E33C73BF-E29F-4173-9305-CF1BE81AFABC #CATMA_A13903D8-EF87-4C6B-B94A-7B206D39B7FF">
                    <ptr target="catma://CATMA_1835E821-66C9-412A-942A-7E2EC72FF1BF#char=10906,11009" type="inclusion"/>
                </seg>
                <seg ana="#CATMA_4F988C35-5244-4E0E-89AC-AA5CF4802C54 #CATMA_BEBE74B9-5518-46BF-BD25-069164C9865E #CATMA_E33C73BF-E29F-4173-9305-CF1BE81AFABC #CATMA_A13903D8-EF87-4C6B-B94A-7B206D39B7FF">
                    <ptr target="catma://CATMA_1835E821-66C9-412A-942A-7E2EC72FF1BF#char=11009,11113" type="inclusion"/>
                </seg>
                <seg ana="#CATMA_4F988C35-5244-4E0E-89AC-AA5CF4802C54 #CATMA_BEBE74B9-5518-46BF-BD25-069164C9865E #CATMA_E33C73BF-E29F-4173-9305-CF1BE81AFABC #CATMA_A13903D8-EF87-4C6B-B94A-7B206D39B7FF">
                    <ptr target="catma://CATMA_1835E821-66C9-412A-942A-7E2EC72FF1BF#char=11113,11214" type="inclusion"/>
                </seg>
                <seg ana="#CATMA_4F988C35-5244-4E0E-89AC-AA5CF4802C54 #CATMA_BEBE74B9-5518-46BF-BD25-069164C9865E #CATMA_E33C73BF-E29F-4173-9305-CF1BE81AFABC #CATMA_A13903D8-EF87-4C6B-B94A-7B206D39B7FF">
                    <ptr target="catma://CATMA_1835E821-66C9-412A-942A-7E2EC72FF1BF#char=11214,11270" type="inclusion"/>
                </seg>
                <ptr target="catma://CATMA_1835E821-66C9-412A-942A-7E2EC72FF1BF#char=11270,11346" type="inclusion"/>
            </ab>
        </body>
        <fs xml:id="CATMA_9F2E6D6E-A3C6-4545-B1F8-3F1C34FC109A" type="CATMA_ADB30E4E-E257-4EA7-BD0D-5154DDC6112F">
            <f name="catma_displaycolor">
                <string>-718550</string>
            </f>
            <f name="catma_markupauthor">
                <string>mats.wiren@ling.su.se</string>
            </f>
        </fs>
        <fs xml:id="CATMA_BEBE74B9-5518-46BF-BD25-069164C9865E" type="CATMA_5CE00265-2F4D-464C-B598-7BB4D27D0923">
            <f name="catma_markupauthor">
                <string>mats.wiren@ling.su.se</string>
            </f>
            <f name="catma_displaycolor">
                <string>-15924634</string>
            </f>
        </fs>
        <fs xml:id="CATMA_E33C73BF-E29F-4173-9305-CF1BE81AFABC" type="CATMA_9E6F7521-1CB3-471D-9228-136739E86125">
            <f name="catma_markupauthor">
                <string>mats.wiren@ling.su.se</string>
            </f>
            <f name="catma_displaycolor">
                <string>-11416296</string>
            </f>
        </fs>
        <fs xml:id="CATMA_4BD324FA-8EB6-4737-B445-2E2CE6DB4D4F" type="CATMA_B09EA947-9006-47BC-9DFA-4A2ECE2A0D5F">
            <f name="catma_displaycolor">
                <string>-6209117</string>
            </f>
            <f name="catma_markupauthor">
                <string>mats.wiren@ling.su.se</string>
            </f>
        </fs>
        <fs xml:id="CATMA_892FF376-1981-4B85-B23C-4213343B9669" type="CATMA_ADB30E4E-E257-4EA7-BD0D-5154DDC6112F">
            <f name="catma_displaycolor">
                <string>-718550</string>
            </f>
            <f name="catma_markupauthor">
                <string>mats.wiren@ling.su.se</string>
            </f>
        </fs>
        <fs xml:id="CATMA_9CA02D31-2A5F-4770-83C9-A33D02B8267F" type="CATMA_ADB30E4E-E257-4EA7-BD0D-5154DDC6112F">
            <f name="catma_displaycolor">
                <string>-718550</string>
            </f>
            <f name="catma_markupauthor">
                <string>mats.wiren@ling.su.se</string>
            </f>
        </fs>
        <fs xml:id="CATMA_F3204F94-4C16-461D-A63A-EECF94771B33" type="CATMA_ADB30E4E-E257-4EA7-BD0D-5154DDC6112F">
            <f name="catma_displaycolor">
                <string>-718550</string>
            </f>
            <f name="catma_markupauthor">
                <string>mats.wiren@ling.su.se</string>
            </f>
        </fs>
        <fs xml:id="CATMA_A6C969DB-5B02-49F3-BE9F-11374C32FD3A" type="CATMA_ADB30E4E-E257-4EA7-BD0D-5154DDC6112F">
            <f name="catma_displaycolor">
                <string>-718550</string>
            </f>
            <f name="catma_markupauthor">
                <string>mats.wiren@ling.su.se</string>
            </f>
        </fs>
        <fs xml:id="CATMA_A3211C33-137B-499A-9AB1-47B54DD325C6" type="CATMA_ADB30E4E-E257-4EA7-BD0D-5154DDC6112F">
            <f name="catma_displaycolor">
                <string>-718550</string>
            </f>
            <f name="catma_markupauthor">
                <string>mats.wiren@ling.su.se</string>
            </f>
        </fs>
        <fs xml:id="CATMA_17B4B295-5AA2-4266-8D79-1233B60EC3D9" type="CATMA_ADB30E4E-E257-4EA7-BD0D-5154DDC6112F">
            <f name="catma_displaycolor">
                <string>-718550</string>
            </f>
            <f name="catma_markupauthor">
                <string>mats.wiren@ling.su.se</string>
            </f>
        </fs>
        <fs xml:id="CATMA_C0BB66CF-10B6-425B-AA10-E4FBE4AF9A3F" type="CATMA_ADB30E4E-E257-4EA7-BD0D-5154DDC6112F">
            <f name="catma_displaycolor">
                <string>-718550</string>
            </f>
            <f name="catma_markupauthor">
                <string>mats.wiren@ling.su.se</string>
            </f>
        </fs>
        <fs xml:id="CATMA_8A46033D-8F10-49FA-A36F-DB6CEF7F77E5" type="CATMA_ADB30E4E-E257-4EA7-BD0D-5154DDC6112F">
            <f name="catma_displaycolor">
                <string>-718550</string>
            </f>
            <f name="catma_markupauthor">
                <string>mats.wiren@ling.su.se</string>
            </f>
        </fs>
        <fs xml:id="CATMA_30D23981-986D-414D-9AA2-F6E12F7C1824" type="CATMA_ADB30E4E-E257-4EA7-BD0D-5154DDC6112F">
            <f name="catma_displaycolor">
                <string>-718550</string>
            </f>
            <f name="catma_markupauthor">
                <string>mats.wiren@ling.su.se</string>
            </f>
        </fs>
        <fs xml:id="CATMA_FC90038B-2579-4876-8A94-9B43BD58F87D" type="CATMA_B09EA947-9006-47BC-9DFA-4A2ECE2A0D5F">
            <f name="catma_displaycolor">
                <string>-6209117</string>
            </f>
            <f name="catma_markupauthor">
                <string>mats.wiren@ling.su.se</string>
            </f>
        </fs>
        <fs xml:id="CATMA_DCC8236E-DA3E-4FA9-A599-EA7EE8D50919" type="CATMA_38E9AF51-38B2-494F-BC5E-58A0A8D45C39">
            <f name="catma_markupauthor">
                <string>mats.wiren@ling.su.se</string>
            </f>
            <f name="catma_displaycolor">
                <string>-15588458</string>
            </f>
        </fs>
        <fs xml:id="CATMA_3FF176B7-9627-4735-81ED-CF6A8E0BF0F8" type="CATMA_0887D043-1572-4295-AD74-6B9DF4B9ED0C">
            <f name="catma_displaycolor">
                <string>-16538848</string>
            </f>
            <f name="catma_markupauthor">
                <string>mats.wiren@ling.su.se</string>
            </f>
        </fs>
        <fs xml:id="CATMA_BFA772ED-6F66-4706-9C5B-625A73407720" type="CATMA_36A3B24D-5243-4CD6-B39F-6B4B4DAEC2ED">
            <f name="catma_markupauthor">
                <string>mats.wiren@ling.su.se</string>
            </f>
            <f name="catma_displaycolor">
                <string>-8117889</string>
            </f>
            <f name="Addressee">
                <string>Madame</string>
            </f>
            <f name="Speaker">
                <string>Della</string>
            </f>
        </fs>
        <fs xml:id="CATMA_5D90FBE2-7A7E-40FC-A574-E8548B46E794" type="CATMA_38E9AF51-38B2-494F-BC5E-58A0A8D45C39">
            <f name="catma_markupauthor">
                <string>mats.wiren@ling.su.se</string>
            </f>
            <f name="catma_displaycolor">
                <string>-15588458</string>
            </f>
        </fs>
        <fs xml:id="CATMA_FA145079-F850-47EC-A453-9E11D9524494" type="CATMA_36A3B24D-5243-4CD6-B39F-6B4B4DAEC2ED">
            <f name="catma_markupauthor">
                <string>mats.wiren@ling.su.se</string>
            </f>
            <f name="catma_displaycolor">
                <string>-8117889</string>
            </f>
            <f name="Addressee">
                <string>Della</string>
            </f>
            <f name="Speaker">
                <string>Madame</string>
            </f>
        </fs>
        <fs xml:id="CATMA_78B15083-94FE-4D35-8A1C-4C9DDF763861" type="CATMA_ADB30E4E-E257-4EA7-BD0D-5154DDC6112F">
            <f name="catma_displaycolor">
                <string>-718550</string>
            </f>
            <f name="catma_markupauthor">
                <string>mats.wiren@ling.su.se</string>
            </f>
        </fs>
        <fs xml:id="CATMA_9494A7A1-29F9-4208-99BF-21AF3F66A0C6" type="CATMA_38E9AF51-38B2-494F-BC5E-58A0A8D45C39">
            <f name="catma_markupauthor">
                <string>mats.wiren@ling.su.se</string>
            </f>
            <f name="catma_displaycolor">
                <string>-15588458</string>
            </f>
        </fs>
        <fs xml:id="CATMA_54E1F6E7-BE93-4217-809D-56F82664AB0E" type="CATMA_0887D043-1572-4295-AD74-6B9DF4B9ED0C">
            <f name="catma_displaycolor">
                <string>-16538848</string>
            </f>
            <f name="catma_markupauthor">
                <string>mats.wiren@ling.su.se</string>
            </f>
        </fs>
        <fs xml:id="CATMA_FDF53001-8297-4AEF-91B5-CE8A4C3E287F" type="CATMA_36A3B24D-5243-4CD6-B39F-6B4B4DAEC2ED">
            <f name="catma_markupauthor">
                <string>mats.wiren@ling.su.se</string>
            </f>
            <f name="catma_displaycolor">
                <string>-8117889</string>
            </f>
            <f name="Addressee">
                <string>Della</string>
            </f>
            <f name="Speaker">
                <string>Madame</string>
            </f>
        </fs>
        <fs xml:id="CATMA_F144D4F2-24A7-44BA-8F29-F697D782836F" type="CATMA_0887D043-1572-4295-AD74-6B9DF4B9ED0C">
            <f name="catma_displaycolor">
                <string>-16538848</string>
            </f>
            <f name="catma_markupauthor">
                <string>mats.wiren@ling.su.se</string>
            </f>
        </fs>
        <fs xml:id="CATMA_A2F6C66C-C976-4448-83C6-67D513B38774" type="CATMA_38E9AF51-38B2-494F-BC5E-58A0A8D45C39">
            <f name="catma_markupauthor">
                <string>mats.wiren@ling.su.se</string>
            </f>
            <f name="catma_displaycolor">
                <string>-15588458</string>
            </f>
        </fs>
        <fs xml:id="CATMA_95B1747E-17BE-43D7-A41D-0F1A67CD51E1" type="CATMA_36A3B24D-5243-4CD6-B39F-6B4B4DAEC2ED">
            <f name="catma_markupauthor">
                <string>mats.wiren@ling.su.se</string>
            </f>
            <f name="catma_displaycolor">
                <string>-8117889</string>
            </f>
            <f name="Addressee">
                <string>Madame</string>
            </f>
            <f name="Speaker">
                <string>Della</string>
            </f>
        </fs>
        <fs xml:id="CATMA_A4E34833-C071-4D91-BB3F-8091D537D59C" type="CATMA_ADB30E4E-E257-4EA7-BD0D-5154DDC6112F">
            <f name="catma_displaycolor">
                <string>-718550</string>
            </f>
            <f name="catma_markupauthor">
                <string>mats.wiren@ling.su.se</string>
            </f>
        </fs>
        <fs xml:id="CATMA_215DB0E0-F06D-4D16-ACD1-6382381EBCEF" type="CATMA_ADB30E4E-E257-4EA7-BD0D-5154DDC6112F">
            <f name="catma_displaycolor">
                <string>-718550</string>
            </f>
            <f name="catma_markupauthor">
                <string>mats.wiren@ling.su.se</string>
            </f>
        </fs>
        <fs xml:id="CATMA_6B94282C-79B0-4B10-95B6-49AEE2BC8E37" type="CATMA_ADB30E4E-E257-4EA7-BD0D-5154DDC6112F">
            <f name="catma_displaycolor">
                <string>-718550</string>
            </f>
            <f name="catma_markupauthor">
                <string>mats.wiren@ling.su.se</string>
            </f>
        </fs>
        <fs xml:id="CATMA_C68B4FE3-F74E-4977-B535-8EB69D9D4C97" type="CATMA_B09EA947-9006-47BC-9DFA-4A2ECE2A0D5F">
            <f name="catma_displaycolor">
                <string>-6209117</string>
            </f>
            <f name="catma_markupauthor">
                <string>mats.wiren@ling.su.se</string>
            </f>
        </fs>
        <fs xml:id="CATMA_F3818B5A-70D7-4E66-A345-556B7A579233" type="CATMA_ADB30E4E-E257-4EA7-BD0D-5154DDC6112F">
            <f name="catma_displaycolor">
                <string>-718550</string>
            </f>
            <f name="catma_markupauthor">
                <string>mats.wiren@ling.su.se</string>
            </f>
        </fs>
        <fs xml:id="CATMA_C45E0DE2-01AD-4BC7-ADAF-8343E08244FE" type="CATMA_0887D043-1572-4295-AD74-6B9DF4B9ED0C">
            <f name="catma_displaycolor">
                <string>-16538848</string>
            </f>
            <f name="catma_markupauthor">
                <string>mats.wiren@ling.su.se</string>
            </f>
        </fs>
        <fs xml:id="CATMA_81B90FF1-4D58-4F8E-B470-AE079815480B" type="CATMA_38E9AF51-38B2-494F-BC5E-58A0A8D45C39">
            <f name="catma_markupauthor">
                <string>mats.wiren@ling.su.se</string>
            </f>
            <f name="catma_displaycolor">
                <string>-15588458</string>
            </f>
        </fs>
        <fs xml:id="CATMA_ABF6542A-DDAD-4838-8828-5E6A9E541516" type="CATMA_36A3B24D-5243-4CD6-B39F-6B4B4DAEC2ED">
            <f name="catma_markupauthor">
                <string>mats.wiren@ling.su.se</string>
            </f>
            <f name="catma_displaycolor">
                <string>-8117889</string>
            </f>
            <f name="Addressee">
                <string>Della</string>
            </f>
            <f name="Speaker">
                <string>Della</string>
            </f>
        </fs>
        <fs xml:id="CATMA_261B2A55-5E4C-497E-BACA-ABD7F1F705B8" type="CATMA_ADB30E4E-E257-4EA7-BD0D-5154DDC6112F">
            <f name="catma_displaycolor">
                <string>-718550</string>
            </f>
            <f name="catma_markupauthor">
                <string>mats.wiren@ling.su.se</string>
            </f>
        </fs>
        <fs xml:id="CATMA_DA142EA9-68CE-4628-8A5C-282B96DA1A5C" type="CATMA_ADB30E4E-E257-4EA7-BD0D-5154DDC6112F">
            <f name="catma_displaycolor">
                <string>-718550</string>
            </f>
            <f name="catma_markupauthor">
                <string>mats.wiren@ling.su.se</string>
            </f>
        </fs>
        <fs xml:id="CATMA_2DCD3606-9AC3-4DEA-AEE3-3284A4D13C8D" type="CATMA_0887D043-1572-4295-AD74-6B9DF4B9ED0C">
            <f name="catma_displaycolor">
                <string>-16538848</string>
            </f>
            <f name="catma_markupauthor">
                <string>mats.wiren@ling.su.se</string>
            </f>
        </fs>
        <fs xml:id="CATMA_1B96A579-9AFD-47A0-940D-7ED1D06FD9E3" type="CATMA_38E9AF51-38B2-494F-BC5E-58A0A8D45C39">
            <f name="catma_markupauthor">
                <string>mats.wiren@ling.su.se</string>
            </f>
            <f name="catma_displaycolor">
                <string>-15588458</string>
            </f>
        </fs>
        <fs xml:id="CATMA_1FAE370A-5336-4472-9438-CD095A8BEF2E" type="CATMA_36A3B24D-5243-4CD6-B39F-6B4B4DAEC2ED">
            <f name="catma_markupauthor">
                <string>mats.wiren@ling.su.se</string>
            </f>
            <f name="catma_displaycolor">
                <string>-8117889</string>
            </f>
            <f name="Addressee">
                <string>Della</string>
            </f>
            <f name="Speaker">
                <string>Della</string>
            </f>
        </fs>
        <fs xml:id="CATMA_67C00173-20AF-43F5-A6F4-6EF781676E3E" type="CATMA_ADB30E4E-E257-4EA7-BD0D-5154DDC6112F">
            <f name="catma_displaycolor">
                <string>-718550</string>
            </f>
            <f name="catma_markupauthor">
                <string>mats.wiren@ling.su.se</string>
            </f>
        </fs>
        <fs xml:id="CATMA_45C7794F-741E-4190-9CAC-72A1C69FDC45" type="CATMA_B09EA947-9006-47BC-9DFA-4A2ECE2A0D5F">
            <f name="catma_displaycolor">
                <string>-6209117</string>
            </f>
            <f name="catma_markupauthor">
                <string>mats.wiren@ling.su.se</string>
            </f>
        </fs>
        <fs xml:id="CATMA_BA886958-2002-4E44-AB30-334BE3A9920B" type="CATMA_ADB30E4E-E257-4EA7-BD0D-5154DDC6112F">
            <f name="catma_displaycolor">
                <string>-718550</string>
            </f>
            <f name="catma_markupauthor">
                <string>mats.wiren@ling.su.se</string>
            </f>
        </fs>
        <fs xml:id="CATMA_9B5462F6-B43B-4745-AAA2-F50C33C31E11" type="CATMA_38E9AF51-38B2-494F-BC5E-58A0A8D45C39">
            <f name="catma_markupauthor">
                <string>mats.wiren@ling.su.se</string>
            </f>
            <f name="catma_displaycolor">
                <string>-15588458</string>
            </f>
        </fs>
        <fs xml:id="CATMA_75860205-D30D-450D-AD1D-AE36BAF2C8DC" type="CATMA_0887D043-1572-4295-AD74-6B9DF4B9ED0C">
            <f name="catma_displaycolor">
                <string>-16538848</string>
            </f>
            <f name="catma_markupauthor">
                <string>mats.wiren@ling.su.se</string>
            </f>
        </fs>
        <fs xml:id="CATMA_B24881E9-14F0-4A7F-BB38-7FBCB29B1FD1" type="CATMA_36A3B24D-5243-4CD6-B39F-6B4B4DAEC2ED">
            <f name="catma_markupauthor">
                <string>mats.wiren@ling.su.se</string>
            </f>
            <f name="catma_displaycolor">
                <string>-8117889</string>
            </f>
            <f name="Addressee">
                <string>Jim</string>
            </f>
            <f name="Speaker">
                <string>Della</string>
            </f>
        </fs>
        <fs xml:id="CATMA_EEF9BD57-BF0E-4798-B6ED-D474C64F75A5" type="CATMA_38E9AF51-38B2-494F-BC5E-58A0A8D45C39">
            <f name="catma_markupauthor">
                <string>mats.wiren@ling.su.se</string>
            </f>
            <f name="catma_displaycolor">
                <string>-15588458</string>
            </f>
        </fs>
        <fs xml:id="CATMA_4DB6447B-D215-418C-BEF6-F1DCAF50A8D7" type="CATMA_36A3B24D-5243-4CD6-B39F-6B4B4DAEC2ED">
            <f name="catma_markupauthor">
                <string>mats.wiren@ling.su.se</string>
            </f>
            <f name="catma_displaycolor">
                <string>-8117889</string>
            </f>
            <f name="Addressee">
                <string>Della</string>
            </f>
            <f name="Speaker">
                <string>Jim</string>
            </f>
        </fs>
        <fs xml:id="CATMA_5E6B9BE2-8342-49D3-A758-FD8735572457" type="CATMA_ADB30E4E-E257-4EA7-BD0D-5154DDC6112F">
            <f name="catma_displaycolor">
                <string>-718550</string>
            </f>
            <f name="catma_markupauthor">
                <string>mats.wiren@ling.su.se</string>
            </f>
        </fs>
        <fs xml:id="CATMA_23ECE25C-0C81-4E64-BFF9-DD7E6C250F3F" type="CATMA_38E9AF51-38B2-494F-BC5E-58A0A8D45C39">
            <f name="catma_markupauthor">
                <string>mats.wiren@ling.su.se</string>
            </f>
            <f name="catma_displaycolor">
                <string>-15588458</string>
            </f>
        </fs>
        <fs xml:id="CATMA_F513746E-E53A-4B1A-8FC7-CA619F8F29C4" type="CATMA_36A3B24D-5243-4CD6-B39F-6B4B4DAEC2ED">
            <f name="catma_markupauthor">
                <string>mats.wiren@ling.su.se</string>
            </f>
            <f name="catma_displaycolor">
                <string>-8117889</string>
            </f>
            <f name="Addressee">
                <string>Jim</string>
            </f>
            <f name="Speaker">
                <string>Della</string>
            </f>
        </fs>
        <fs xml:id="CATMA_2B08EC39-4E1C-42A7-8D6B-4FB7D6DB262C" type="CATMA_ADB30E4E-E257-4EA7-BD0D-5154DDC6112F">
            <f name="catma_displaycolor">
                <string>-718550</string>
            </f>
            <f name="catma_markupauthor">
                <string>mats.wiren@ling.su.se</string>
            </f>
        </fs>
        <fs xml:id="CATMA_1B9E551A-526F-4327-A5B5-ED0F924E1D97" type="CATMA_38E9AF51-38B2-494F-BC5E-58A0A8D45C39">
            <f name="catma_markupauthor">
                <string>mats.wiren@ling.su.se</string>
            </f>
            <f name="catma_displaycolor">
                <string>-15588458</string>
            </f>
        </fs>
        <fs xml:id="CATMA_2776744F-EDF0-4547-9685-922EB368529A" type="CATMA_0887D043-1572-4295-AD74-6B9DF4B9ED0C">
            <f name="catma_displaycolor">
                <string>-16538848</string>
            </f>
            <f name="catma_markupauthor">
                <string>mats.wiren@ling.su.se</string>
            </f>
        </fs>
        <fs xml:id="CATMA_6ABF3C06-4849-49C9-9748-EBDD398E4350" type="CATMA_36A3B24D-5243-4CD6-B39F-6B4B4DAEC2ED">
            <f name="catma_markupauthor">
                <string>mats.wiren@ling.su.se</string>
            </f>
            <f name="catma_displaycolor">
                <string>-8117889</string>
            </f>
            <f name="Addressee">
                <string>Della</string>
            </f>
            <f name="Speaker">
                <string>Jim</string>
            </f>
        </fs>
        <fs xml:id="CATMA_87BF6564-B088-4B18-8D64-EF72DE960F7D" type="CATMA_ADB30E4E-E257-4EA7-BD0D-5154DDC6112F">
            <f name="catma_displaycolor">
                <string>-718550</string>
            </f>
            <f name="catma_markupauthor">
                <string>mats.wiren@ling.su.se</string>
            </f>
        </fs>
        <fs xml:id="CATMA_B997AE77-36BE-47D9-AA88-C1CE9535C4E9" type="CATMA_38E9AF51-38B2-494F-BC5E-58A0A8D45C39">
            <f name="catma_markupauthor">
                <string>mats.wiren@ling.su.se</string>
            </f>
            <f name="catma_displaycolor">
                <string>-15588458</string>
            </f>
        </fs>
        <fs xml:id="CATMA_1C2CA89D-CF64-4B50-A7E0-3C76C254CBB3" type="CATMA_36A3B24D-5243-4CD6-B39F-6B4B4DAEC2ED">
            <f name="catma_markupauthor">
                <string>mats.wiren@ling.su.se</string>
            </f>
            <f name="catma_displaycolor">
                <string>-8117889</string>
            </f>
            <f name="Addressee">
                <string>Jim</string>
            </f>
            <f name="Speaker">
                <string>Della</string>
            </f>
        </fs>
        <fs xml:id="CATMA_1B77B5E8-3A35-4C58-8331-7C0B6E9E0466" type="CATMA_ADB30E4E-E257-4EA7-BD0D-5154DDC6112F">
            <f name="catma_displaycolor">
                <string>-718550</string>
            </f>
            <f name="catma_markupauthor">
                <string>mats.wiren@ling.su.se</string>
            </f>
        </fs>
        <fs xml:id="CATMA_E4CD9BC7-46B9-4FD3-86F9-72B6C0A6A246" type="CATMA_ADB30E4E-E257-4EA7-BD0D-5154DDC6112F">
            <f name="catma_displaycolor">
                <string>-718550</string>
            </f>
            <f name="catma_markupauthor">
                <string>mats.wiren@ling.su.se</string>
            </f>
        </fs>
        <fs xml:id="CATMA_16539F03-FED3-4FCC-92B6-90FDDECCB95B" type="CATMA_ADB30E4E-E257-4EA7-BD0D-5154DDC6112F">
            <f name="catma_displaycolor">
                <string>-718550</string>
            </f>
            <f name="catma_markupauthor">
                <string>mats.wiren@ling.su.se</string>
            </f>
        </fs>
        <fs xml:id="CATMA_53316A02-DEEA-4409-9FC9-319327E24F54" type="CATMA_38E9AF51-38B2-494F-BC5E-58A0A8D45C39">
            <f name="catma_markupauthor">
                <string>mats.wiren@ling.su.se</string>
            </f>
            <f name="catma_displaycolor">
                <string>-15588458</string>
            </f>
        </fs>
        <fs xml:id="CATMA_D1EDCE1A-C7A2-4672-A5D0-E6CD763FF70A" type="CATMA_0887D043-1572-4295-AD74-6B9DF4B9ED0C">
            <f name="catma_displaycolor">
                <string>-16538848</string>
            </f>
            <f name="catma_markupauthor">
                <string>mats.wiren@ling.su.se</string>
            </f>
        </fs>
        <fs xml:id="CATMA_E01F7CC3-FCE0-4A7C-9454-A9204F0D86C6" type="CATMA_36A3B24D-5243-4CD6-B39F-6B4B4DAEC2ED">
            <f name="catma_markupauthor">
                <string>mats.wiren@ling.su.se</string>
            </f>
            <f name="catma_displaycolor">
                <string>-8117889</string>
            </f>
            <f name="Addressee">
                <string>Della</string>
            </f>
            <f name="Speaker">
                <string>Jim</string>
            </f>
        </fs>
        <fs xml:id="CATMA_FB873133-F304-49D4-829F-058F8C93C739" type="CATMA_ADB30E4E-E257-4EA7-BD0D-5154DDC6112F">
            <f name="catma_displaycolor">
                <string>-718550</string>
            </f>
            <f name="catma_markupauthor">
                <string>mats.wiren@ling.su.se</string>
            </f>
        </fs>
        <fs xml:id="CATMA_2397AE01-86B9-4AD8-B512-0602F067EF6D" type="CATMA_ADB30E4E-E257-4EA7-BD0D-5154DDC6112F">
            <f name="catma_displaycolor">
                <string>-718550</string>
            </f>
            <f name="catma_markupauthor">
                <string>mats.wiren@ling.su.se</string>
            </f>
        </fs>
        <fs xml:id="CATMA_83260265-ABCA-4433-9AFB-B96BBE8EE611" type="CATMA_ADB30E4E-E257-4EA7-BD0D-5154DDC6112F">
            <f name="catma_displaycolor">
                <string>-718550</string>
            </f>
            <f name="catma_markupauthor">
                <string>mats.wiren@ling.su.se</string>
            </f>
        </fs>
        <fs xml:id="CATMA_85ED7613-3150-4685-9FA6-C2EFA2C15037" type="CATMA_0887D043-1572-4295-AD74-6B9DF4B9ED0C">
            <f name="catma_displaycolor">
                <string>-16538848</string>
            </f>
            <f name="catma_markupauthor">
                <string>mats.wiren@ling.su.se</string>
            </f>
        </fs>
        <fs xml:id="CATMA_753FC417-9E2F-4E02-B272-5154D4BB9D76" type="CATMA_38E9AF51-38B2-494F-BC5E-58A0A8D45C39">
            <f name="catma_markupauthor">
                <string>mats.wiren@ling.su.se</string>
            </f>
            <f name="catma_displaycolor">
                <string>-15588458</string>
            </f>
        </fs>
        <fs xml:id="CATMA_18C5E532-F5EC-4926-987B-2F5A6039E449" type="CATMA_36A3B24D-5243-4CD6-B39F-6B4B4DAEC2ED">
            <f name="catma_markupauthor">
                <string>mats.wiren@ling.su.se</string>
            </f>
            <f name="catma_displaycolor">
                <string>-8117889</string>
            </f>
            <f name="Addressee">
                <string>Jim</string>
            </f>
            <f name="Speaker">
                <string>Della</string>
            </f>
        </fs>
        <fs xml:id="CATMA_1D8BB94E-8A20-4F90-8A05-FEF45C615054" type="CATMA_ADB30E4E-E257-4EA7-BD0D-5154DDC6112F">
            <f name="catma_displaycolor">
                <string>-718550</string>
            </f>
            <f name="catma_markupauthor">
                <string>mats.wiren@ling.su.se</string>
            </f>
        </fs>
        <fs xml:id="CATMA_439A5970-6DE7-4433-A33E-F61B9529DCCD" type="CATMA_0887D043-1572-4295-AD74-6B9DF4B9ED0C">
            <f name="catma_displaycolor">
                <string>-16538848</string>
            </f>
            <f name="catma_markupauthor">
                <string>mats.wiren@ling.su.se</string>
            </f>
        </fs>
        <fs xml:id="CATMA_6E8171EF-D6A5-40F4-AD2D-1968A2794BFD" type="CATMA_38E9AF51-38B2-494F-BC5E-58A0A8D45C39">
            <f name="catma_markupauthor">
                <string>mats.wiren@ling.su.se</string>
            </f>
            <f name="catma_displaycolor">
                <string>-15588458</string>
            </f>
        </fs>
        <fs xml:id="CATMA_26C4F3B3-C411-4276-86E7-9073E6508331" type="CATMA_36A3B24D-5243-4CD6-B39F-6B4B4DAEC2ED">
            <f name="catma_markupauthor">
                <string>mats.wiren@ling.su.se</string>
            </f>
            <f name="catma_displaycolor">
                <string>-8117889</string>
            </f>
            <f name="Addressee">
                <string>Jim</string>
            </f>
            <f name="Speaker">
                <string>Della</string>
            </f>
        </fs>
        <fs xml:id="CATMA_BF603241-9463-4B70-A64D-53684E3B1D3E" type="CATMA_ADB30E4E-E257-4EA7-BD0D-5154DDC6112F">
            <f name="catma_displaycolor">
                <string>-718550</string>
            </f>
            <f name="catma_markupauthor">
                <string>mats.wiren@ling.su.se</string>
            </f>
        </fs>
        <fs xml:id="CATMA_BFE5EAA5-B516-4270-8BE8-5A2FFBE0794A" type="CATMA_38E9AF51-38B2-494F-BC5E-58A0A8D45C39">
            <f name="catma_markupauthor">
                <string>mats.wiren@ling.su.se</string>
            </f>
            <f name="catma_displaycolor">
                <string>-15588458</string>
            </f>
        </fs>
        <fs xml:id="CATMA_2D2A65BC-0808-432D-82C7-8671EDE0EF04" type="CATMA_0887D043-1572-4295-AD74-6B9DF4B9ED0C">
            <f name="catma_displaycolor">
                <string>-16538848</string>
            </f>
            <f name="catma_markupauthor">
                <string>mats.wiren@ling.su.se</string>
            </f>
        </fs>
        <fs xml:id="CATMA_2C0EA774-45A2-49FF-AE25-2277F0377B9A" type="CATMA_36A3B24D-5243-4CD6-B39F-6B4B4DAEC2ED">
            <f name="catma_markupauthor">
                <string>mats.wiren@ling.su.se</string>
            </f>
            <f name="catma_displaycolor">
                <string>-8117889</string>
            </f>
            <f name="Addressee">
                <string>Jim</string>
            </f>
            <f name="Speaker">
                <string>Della</string>
            </f>
        </fs>
        <fs xml:id="CATMA_5ECA26D8-01B8-4114-9ACC-3913E55707C3" type="CATMA_ADB30E4E-E257-4EA7-BD0D-5154DDC6112F">
            <f name="catma_displaycolor">
                <string>-718550</string>
            </f>
            <f name="catma_markupauthor">
                <string>mats.wiren@ling.su.se</string>
            </f>
        </fs>
        <fs xml:id="CATMA_D4120826-87AC-4742-90CB-54636BF50991" type="CATMA_0887D043-1572-4295-AD74-6B9DF4B9ED0C">
            <f name="catma_displaycolor">
                <string>-16538848</string>
            </f>
            <f name="catma_markupauthor">
                <string>mats.wiren@ling.su.se</string>
            </f>
        </fs>
        <fs xml:id="CATMA_BE87B6A5-F813-4530-9CAB-5E3B040D61E3" type="CATMA_38E9AF51-38B2-494F-BC5E-58A0A8D45C39">
            <f name="catma_markupauthor">
                <string>mats.wiren@ling.su.se</string>
            </f>
            <f name="catma_displaycolor">
                <string>-15588458</string>
            </f>
        </fs>
        <fs xml:id="CATMA_4497934F-1C64-4505-B74D-2D5AE6468844" type="CATMA_36A3B24D-5243-4CD6-B39F-6B4B4DAEC2ED">
            <f name="catma_markupauthor">
                <string>mats.wiren@ling.su.se</string>
            </f>
            <f name="catma_displaycolor">
                <string>-8117889</string>
            </f>
            <f name="Addressee">
                <string>Della</string>
            </f>
            <f name="Speaker">
                <string>Jim</string>
            </f>
        </fs>
        <fs xml:id="CATMA_4F988C35-5244-4E0E-89AC-AA5CF4802C54" type="CATMA_ADB30E4E-E257-4EA7-BD0D-5154DDC6112F">
            <f name="catma_displaycolor">
                <string>-718550</string>
            </f>
            <f name="catma_markupauthor">
                <string>mats.wiren@ling.su.se</string>
            </f>
        </fs>
        <fs xml:id="CATMA_A13903D8-EF87-4C6B-B94A-7B206D39B7FF" type="CATMA_B09EA947-9006-47BC-9DFA-4A2ECE2A0D5F">
            <f name="catma_displaycolor">
                <string>-6209117</string>
            </f>
            <f name="catma_markupauthor">
                <string>mats.wiren@ling.su.se</string>
            </f>
        </fs>
    </text>
</TEI>
