<?xml version="1.0" encoding="UTF-8"?>
<TEI xml:lang="en" xmlns="http://www.tei-c.org/ns/1.0">
    <teiHeader>
        <fileDesc>
            <titleStmt>
                <title>treasure_all</title>
                <author>empty</author>
            </titleStmt>
            <publicationStmt>
                <publisher>empty</publisher>
            </publicationStmt>
            <sourceDesc>
                <p>empty</p>
                <ab>
                    <fs xml:id="CATMA_TECH_DESC">
                        <f name="version">
                            <string>5</string>
                        </f>
                    </fs>
                </ab>
            </sourceDesc>
        </fileDesc>
        <encodingDesc>
            <fsdDecl xml:id="CATMA_142A4E14-ABB6-4852-8536-45083B09CA54" n="narrative_levels 2018-06-20T19:06:13.000+0200">
                <fsDecl xml:id="CATMA_7550861B-4499-48AF-89E6-9A545C1A70DA" n="2018-06-20T14:08:43.000+0200" type="CATMA_7550861B-4499-48AF-89E6-9A545C1A70DA">
                    <fsDescr>voice</fsDescr>
                    <fDecl xml:id="CATMA_680F584E-BB8E-4F53-992A-2818334E587F" name="catma_displaycolor">
                        <vRange>
                            <vColl>
                                <string>-7296007</string>
                            </vColl>
                        </vRange>
                    </fDecl>
                    <fDecl xml:id="CATMA_A2422536-54FF-4F26-A8F9-9BCD1D82E16F" name="catma_markupauthor">
                        <vRange>
                            <vColl>
                                <string>evelyn.gius@uni-hamburg.de</string>
                            </vColl>
                        </vRange>
                    </fDecl>
                </fsDecl>
                <fsDecl xml:id="CATMA_F7783E54-8575-4B75-908F-0C00AE46CFE9" n="2018-06-20T14:09:45.000+0200" type="CATMA_F7783E54-8575-4B75-908F-0C00AE46CFE9" baseTypes="CATMA_BCD3AFDC-C825-4F20-9D7B-2C644A4B3530">
                    <fsDescr>FOC_INT</fsDescr>
                    <fDecl xml:id="CATMA_7A8E4B6B-FED6-45C3-AB0B-E948AFA1AB8F" name="catma_displaycolor">
                        <vRange>
                            <vColl>
                                <string>-3989510</string>
                            </vColl>
                        </vRange>
                    </fDecl>
                    <fDecl xml:id="CATMA_3593BD88-1189-4D29-A4CE-7BE89DD2A55F" name="catma_markupauthor">
                        <vRange>
                            <vColl>
                                <string>evelyn.gius@uni-hamburg.de</string>
                            </vColl>
                        </vRange>
                    </fDecl>
                </fsDecl>
                <fsDecl xml:id="CATMA_BCD3AFDC-C825-4F20-9D7B-2C644A4B3530" n="2018-06-20T14:09:19.000+0200" type="CATMA_BCD3AFDC-C825-4F20-9D7B-2C644A4B3530">
                    <fsDescr>foc</fsDescr>
                    <fDecl xml:id="CATMA_8543F101-08CE-409E-8AC5-2ADC282B982E" name="catma_markupauthor">
                        <vRange>
                            <vColl>
                                <string>evelyn.gius@uni-hamburg.de</string>
                            </vColl>
                        </vRange>
                    </fDecl>
                    <fDecl xml:id="CATMA_4A88C976-1E08-47DD-A4BD-CBAB35B09C9F" name="catma_displaycolor">
                        <vRange>
                            <vColl>
                                <string>-12816378</string>
                            </vColl>
                        </vRange>
                    </fDecl>
                </fsDecl>
                <fsDecl xml:id="CATMA_7126A497-B7E0-4D88-9456-A48353EB4E00" n="2018-06-20T14:11:06.000+0200" type="CATMA_7126A497-B7E0-4D88-9456-A48353EB4E00">
                    <fsDescr>narrative_transmission</fsDescr>
                    <fDecl xml:id="CATMA_76F70538-D420-44FF-9A6F-40BFD2EBF4BB" name="catma_markupauthor">
                        <vRange>
                            <vColl>
                                <string>evelyn.gius@uni-hamburg.de</string>
                            </vColl>
                        </vRange>
                    </fDecl>
                    <fDecl xml:id="CATMA_9CAC2C57-DD1B-4005-BDFC-8CCDE37EC3DC" name="catma_displaycolor">
                        <vRange>
                            <vColl>
                                <string>-8999590</string>
                            </vColl>
                        </vRange>
                    </fDecl>
                </fsDecl>
                <fsDecl xml:id="CATMA_9E6F7521-1CB3-471D-9228-136739E86125" n="2018-06-20T14:09:28.000+0200" type="CATMA_9E6F7521-1CB3-471D-9228-136739E86125" baseTypes="CATMA_BCD3AFDC-C825-4F20-9D7B-2C644A4B3530">
                    <fsDescr>FOC_UNR</fsDescr>
                    <fDecl xml:id="CATMA_B37ADE92-0689-42E1-95A5-9AD0D4140B97" name="catma_markupauthor">
                        <vRange>
                            <vColl>
                                <string>evelyn.gius@uni-hamburg.de</string>
                            </vColl>
                        </vRange>
                    </fDecl>
                    <fDecl xml:id="CATMA_4D48011A-F733-4C07-A59A-B21025250722" name="catma_displaycolor">
                        <vRange>
                            <vColl>
                                <string>-11416296</string>
                            </vColl>
                        </vRange>
                    </fDecl>
                </fsDecl>
                <fsDecl xml:id="CATMA_0887D043-1572-4295-AD74-6B9DF4B9ED0C" n="2018-06-20T14:12:31.000+0200" type="CATMA_0887D043-1572-4295-AD74-6B9DF4B9ED0C" baseTypes="CATMA_7126A497-B7E0-4D88-9456-A48353EB4E00">
                    <fsDescr>CHARACTERS</fsDescr>
                    <fDecl xml:id="CATMA_11213E20-A715-4860-8E43-DBA3793EC0C2" name="catma_displaycolor">
                        <vRange>
                            <vColl>
                                <string>-16538848</string>
                            </vColl>
                        </vRange>
                    </fDecl>
                    <fDecl xml:id="CATMA_D63C0B01-A433-4FD5-9749-17136BBAA227" name="catma_markupauthor">
                        <vRange>
                            <vColl>
                                <string>evelyn.gius@uni-hamburg.de</string>
                            </vColl>
                        </vRange>
                    </fDecl>
                </fsDecl>
                <fsDecl xml:id="CATMA_36A3B24D-5243-4CD6-B39F-6B4B4DAEC2ED" n="2018-06-21T13:14:05.000+0200" type="CATMA_36A3B24D-5243-4CD6-B39F-6B4B4DAEC2ED">
                    <fsDescr>SPEAKER--ADDRESSEE</fsDescr>
                    <fDecl xml:id="CATMA_2E3C9445-25CD-4882-B455-736259AD006B" name="catma_markupauthor">
                        <vRange>
                            <vColl>
                                <string>evelyn.gius@uni-hamburg.de</string>
                            </vColl>
                        </vRange>
                    </fDecl>
                    <fDecl xml:id="CATMA_D01374DF-87CC-4A58-A471-A81191847050" name="catma_displaycolor">
                        <vRange>
                            <vColl>
                                <string>-8117889</string>
                            </vColl>
                        </vRange>
                    </fDecl>
                    <fDecl xml:id="CATMA_3F68848C-C453-44C2-B1D8-62EBC388661B" name="Addressee">
                        <vRange>
                            <vColl>
                                <string>Lenz</string>
                                <string>Oberlin</string>
                            </vColl>
                        </vRange>
                    </fDecl>
                    <fDecl xml:id="CATMA_AC2ED9AA-F851-47BE-8D19-115CA2002DEB" name="Speaker">
                        <vRange>
                            <vColl>
                                <string>Lenz</string>
                                <string>Oberlin</string>
                            </vColl>
                        </vRange>
                    </fDecl>
                </fsDecl>
                <fsDecl xml:id="CATMA_FD71E176-A412-43CA-8170-15B7334A93EF" n="2018-06-20T14:10:20.000+0200" type="CATMA_FD71E176-A412-43CA-8170-15B7334A93EF" baseTypes="CATMA_BCD3AFDC-C825-4F20-9D7B-2C644A4B3530">
                    <fsDescr>FOC_EXT</fsDescr>
                    <fDecl xml:id="CATMA_F7F46BE2-28B7-4101-A3E1-8EDB9DC2B51D" name="catma_displaycolor">
                        <vRange>
                            <vColl>
                                <string>-15943180</string>
                            </vColl>
                        </vRange>
                    </fDecl>
                    <fDecl xml:id="CATMA_A36A12E6-2280-4319-B873-11E6371AFE60" name="catma_markupauthor">
                        <vRange>
                            <vColl>
                                <string>evelyn.gius@uni-hamburg.de</string>
                            </vColl>
                        </vRange>
                    </fDecl>
                </fsDecl>
                <fsDecl xml:id="CATMA_5CE00265-2F4D-464C-B598-7BB4D27D0923" n="2018-06-20T14:09:09.000+0200" type="CATMA_5CE00265-2F4D-464C-B598-7BB4D27D0923" baseTypes="CATMA_7550861B-4499-48AF-89E6-9A545C1A70DA">
                    <fsDescr>VOICE_3</fsDescr>
                    <fDecl xml:id="CATMA_576D7688-6FB0-4DB7-A199-19158FC09C02" name="catma_markupauthor">
                        <vRange>
                            <vColl>
                                <string>evelyn.gius@uni-hamburg.de</string>
                            </vColl>
                        </vRange>
                    </fDecl>
                    <fDecl xml:id="CATMA_3F9B3BD5-6441-479D-8A6A-1C570729F62C" name="catma_displaycolor">
                        <vRange>
                            <vColl>
                                <string>-15924634</string>
                            </vColl>
                        </vRange>
                    </fDecl>
                </fsDecl>
                <fsDecl xml:id="CATMA_9B86B265-2038-40D0-8041-62EDB1B1700E" n="2018-06-20T14:08:58.000+0200" type="CATMA_9B86B265-2038-40D0-8041-62EDB1B1700E" baseTypes="CATMA_7550861B-4499-48AF-89E6-9A545C1A70DA">
                    <fsDescr>VOICE_1</fsDescr>
                    <fDecl xml:id="CATMA_B5EF9096-FAB6-4D10-BB4B-BB1F8C70BD3B" name="catma_displaycolor">
                        <vRange>
                            <vColl>
                                <string>-10446683</string>
                            </vColl>
                        </vRange>
                    </fDecl>
                    <fDecl xml:id="CATMA_C81AEB8D-46AB-4580-98E7-50CD4B6CC467" name="catma_markupauthor">
                        <vRange>
                            <vColl>
                                <string>evelyn.gius@uni-hamburg.de</string>
                            </vColl>
                        </vRange>
                    </fDecl>
                </fsDecl>
                <fsDecl xml:id="CATMA_0AB9D0A1-4550-4644-9F4F-7072E20F4105" n="2018-06-20T14:11:36.000+0200" type="CATMA_0AB9D0A1-4550-4644-9F4F-7072E20F4105" baseTypes="CATMA_7126A497-B7E0-4D88-9456-A48353EB4E00">
                    <fsDescr>AUTHOR</fsDescr>
                    <fDecl xml:id="CATMA_A9A3A35F-076F-49EE-AB92-BBDCCF207534" name="catma_displaycolor">
                        <vRange>
                            <vColl>
                                <string>-6742716</string>
                            </vColl>
                        </vRange>
                    </fDecl>
                    <fDecl xml:id="CATMA_8E8EE8E9-0EFA-4282-83B1-692C2E4E2D50" name="catma_markupauthor">
                        <vRange>
                            <vColl>
                                <string>evelyn.gius@uni-hamburg.de</string>
                            </vColl>
                        </vRange>
                    </fDecl>
                </fsDecl>
                <fsDecl xml:id="CATMA_B09EA947-9006-47BC-9DFA-4A2ECE2A0D5F" n="2018-06-20T14:10:38.000+0200" type="CATMA_B09EA947-9006-47BC-9DFA-4A2ECE2A0D5F">
                    <fsDescr>SCENE</fsDescr>
                    <fDecl xml:id="CATMA_149D857F-FA42-4822-B53C-3500325EEFB6" name="catma_displaycolor">
                        <vRange>
                            <vColl>
                                <string>-6209117</string>
                            </vColl>
                        </vRange>
                    </fDecl>
                    <fDecl xml:id="CATMA_20543A49-B0F4-4983-85B7-5A333470F90F" name="catma_markupauthor">
                        <vRange>
                            <vColl>
                                <string>evelyn.gius@uni-hamburg.de</string>
                            </vColl>
                        </vRange>
                    </fDecl>
                </fsDecl>
                <fsDecl xml:id="CATMA_38E9AF51-38B2-494F-BC5E-58A0A8D45C39" n="2018-06-20T14:13:19.000+0200" type="CATMA_38E9AF51-38B2-494F-BC5E-58A0A8D45C39">
                    <fsDescr>TURN</fsDescr>
                    <fDecl xml:id="CATMA_A350D191-5839-45DB-BA81-A9F11AD6DD30" name="catma_markupauthor">
                        <vRange>
                            <vColl>
                                <string>evelyn.gius@uni-hamburg.de</string>
                            </vColl>
                        </vRange>
                    </fDecl>
                    <fDecl xml:id="CATMA_764383FA-E43C-4692-867C-5B015C7B7B52" name="catma_displaycolor">
                        <vRange>
                            <vColl>
                                <string>-15588458</string>
                            </vColl>
                        </vRange>
                    </fDecl>
                </fsDecl>
                <fsDecl xml:id="CATMA_ADB30E4E-E257-4EA7-BD0D-5154DDC6112F" n="2018-06-20T14:12:25.000+0200" type="CATMA_ADB30E4E-E257-4EA7-BD0D-5154DDC6112F" baseTypes="CATMA_7126A497-B7E0-4D88-9456-A48353EB4E00">
                    <fsDescr>NARRATOR</fsDescr>
                    <fDecl xml:id="CATMA_61921AD0-F7E0-48F6-8616-89C22B0501D6" name="catma_displaycolor">
                        <vRange>
                            <vColl>
                                <string>-718550</string>
                            </vColl>
                        </vRange>
                    </fDecl>
                    <fDecl xml:id="CATMA_5748DE64-DEB6-4415-A45F-01584BC5A185" name="catma_markupauthor">
                        <vRange>
                            <vColl>
                                <string>evelyn.gius@uni-hamburg.de</string>
                            </vColl>
                        </vRange>
                    </fDecl>
                </fsDecl>
            </fsdDecl>
        </encodingDesc>
    </teiHeader>
    <text>
        <body>
            <ab type="catma">
                <ptr target="catma://CATMA_561E7266-3D55-4DB6-A181-064D985DE2F6#char=0,93" type="inclusion"/>
                <seg ana="#CATMA_0A8F624C-A172-4C28-967E-0B3F241433F4 #CATMA_3083EF95-A02C-4817-852A-15339F64E910 #CATMA_B2ECB8BC-3A4E-4527-B5AA-41CFA91D45BE #CATMA_7157B2B2-0F9C-46EF-9980-A49EDD530B2F">
                    <ptr target="catma://CATMA_561E7266-3D55-4DB6-A181-064D985DE2F6#char=93,158" type="inclusion"/>
                </seg>
                <seg ana="#CATMA_0A8F624C-A172-4C28-967E-0B3F241433F4 #CATMA_3083EF95-A02C-4817-852A-15339F64E910 #CATMA_B2ECB8BC-3A4E-4527-B5AA-41CFA91D45BE #CATMA_7157B2B2-0F9C-46EF-9980-A49EDD530B2F">
                    <ptr target="catma://CATMA_561E7266-3D55-4DB6-A181-064D985DE2F6#char=158,235" type="inclusion"/>
                </seg>
                <seg ana="#CATMA_0A8F624C-A172-4C28-967E-0B3F241433F4 #CATMA_3083EF95-A02C-4817-852A-15339F64E910 #CATMA_B2ECB8BC-3A4E-4527-B5AA-41CFA91D45BE #CATMA_7157B2B2-0F9C-46EF-9980-A49EDD530B2F">
                    <ptr target="catma://CATMA_561E7266-3D55-4DB6-A181-064D985DE2F6#char=235,299" type="inclusion"/>
                </seg>
                <seg ana="#CATMA_0A8F624C-A172-4C28-967E-0B3F241433F4 #CATMA_3083EF95-A02C-4817-852A-15339F64E910 #CATMA_B2ECB8BC-3A4E-4527-B5AA-41CFA91D45BE #CATMA_7157B2B2-0F9C-46EF-9980-A49EDD530B2F">
                    <ptr target="catma://CATMA_561E7266-3D55-4DB6-A181-064D985DE2F6#char=299,366" type="inclusion"/>
                </seg>
                <seg ana="#CATMA_0A8F624C-A172-4C28-967E-0B3F241433F4 #CATMA_3083EF95-A02C-4817-852A-15339F64E910 #CATMA_B2ECB8BC-3A4E-4527-B5AA-41CFA91D45BE #CATMA_7157B2B2-0F9C-46EF-9980-A49EDD530B2F">
                    <ptr target="catma://CATMA_561E7266-3D55-4DB6-A181-064D985DE2F6#char=366,437" type="inclusion"/>
                </seg>
                <seg ana="#CATMA_0A8F624C-A172-4C28-967E-0B3F241433F4 #CATMA_3083EF95-A02C-4817-852A-15339F64E910 #CATMA_B2ECB8BC-3A4E-4527-B5AA-41CFA91D45BE #CATMA_7157B2B2-0F9C-46EF-9980-A49EDD530B2F">
                    <ptr target="catma://CATMA_561E7266-3D55-4DB6-A181-064D985DE2F6#char=437,507" type="inclusion"/>
                </seg>
                <seg ana="#CATMA_0A8F624C-A172-4C28-967E-0B3F241433F4 #CATMA_3083EF95-A02C-4817-852A-15339F64E910 #CATMA_B2ECB8BC-3A4E-4527-B5AA-41CFA91D45BE #CATMA_7157B2B2-0F9C-46EF-9980-A49EDD530B2F">
                    <ptr target="catma://CATMA_561E7266-3D55-4DB6-A181-064D985DE2F6#char=507,571" type="inclusion"/>
                </seg>
                <seg ana="#CATMA_0A8F624C-A172-4C28-967E-0B3F241433F4 #CATMA_3083EF95-A02C-4817-852A-15339F64E910 #CATMA_B2ECB8BC-3A4E-4527-B5AA-41CFA91D45BE #CATMA_7157B2B2-0F9C-46EF-9980-A49EDD530B2F">
                    <ptr target="catma://CATMA_561E7266-3D55-4DB6-A181-064D985DE2F6#char=571,636" type="inclusion"/>
                </seg>
                <seg ana="#CATMA_0A8F624C-A172-4C28-967E-0B3F241433F4 #CATMA_3083EF95-A02C-4817-852A-15339F64E910 #CATMA_B2ECB8BC-3A4E-4527-B5AA-41CFA91D45BE #CATMA_7157B2B2-0F9C-46EF-9980-A49EDD530B2F">
                    <ptr target="catma://CATMA_561E7266-3D55-4DB6-A181-064D985DE2F6#char=636,686" type="inclusion"/>
                </seg>
                <seg ana="#CATMA_3083EF95-A02C-4817-852A-15339F64E910 #CATMA_B2ECB8BC-3A4E-4527-B5AA-41CFA91D45BE #CATMA_7157B2B2-0F9C-46EF-9980-A49EDD530B2F">
                    <ptr target="catma://CATMA_561E7266-3D55-4DB6-A181-064D985DE2F6#char=686,688" type="inclusion"/>
                </seg>
                <seg ana="#CATMA_3083EF95-A02C-4817-852A-15339F64E910 #CATMA_B2ECB8BC-3A4E-4527-B5AA-41CFA91D45BE">
                    <ptr target="catma://CATMA_561E7266-3D55-4DB6-A181-064D985DE2F6#char=688,690" type="inclusion"/>
                </seg>
                <seg ana="#CATMA_C0843297-160A-4D55-A631-E4E492C0A018 #CATMA_3083EF95-A02C-4817-852A-15339F64E910 #CATMA_B2ECB8BC-3A4E-4527-B5AA-41CFA91D45BE #CATMA_BD1277C4-998F-4D54-AEEB-E8EA4952B146">
                    <ptr target="catma://CATMA_561E7266-3D55-4DB6-A181-064D985DE2F6#char=690,754" type="inclusion"/>
                </seg>
                <seg ana="#CATMA_C0843297-160A-4D55-A631-E4E492C0A018 #CATMA_3083EF95-A02C-4817-852A-15339F64E910 #CATMA_B2ECB8BC-3A4E-4527-B5AA-41CFA91D45BE #CATMA_BD1277C4-998F-4D54-AEEB-E8EA4952B146">
                    <ptr target="catma://CATMA_561E7266-3D55-4DB6-A181-064D985DE2F6#char=754,815" type="inclusion"/>
                </seg>
                <seg ana="#CATMA_C0843297-160A-4D55-A631-E4E492C0A018 #CATMA_3083EF95-A02C-4817-852A-15339F64E910 #CATMA_B2ECB8BC-3A4E-4527-B5AA-41CFA91D45BE #CATMA_BD1277C4-998F-4D54-AEEB-E8EA4952B146">
                    <ptr target="catma://CATMA_561E7266-3D55-4DB6-A181-064D985DE2F6#char=815,883" type="inclusion"/>
                </seg>
                <seg ana="#CATMA_C0843297-160A-4D55-A631-E4E492C0A018 #CATMA_3083EF95-A02C-4817-852A-15339F64E910 #CATMA_B2ECB8BC-3A4E-4527-B5AA-41CFA91D45BE #CATMA_BD1277C4-998F-4D54-AEEB-E8EA4952B146">
                    <ptr target="catma://CATMA_561E7266-3D55-4DB6-A181-064D985DE2F6#char=883,948" type="inclusion"/>
                </seg>
                <seg ana="#CATMA_C0843297-160A-4D55-A631-E4E492C0A018 #CATMA_3083EF95-A02C-4817-852A-15339F64E910 #CATMA_B2ECB8BC-3A4E-4527-B5AA-41CFA91D45BE #CATMA_BD1277C4-998F-4D54-AEEB-E8EA4952B146">
                    <ptr target="catma://CATMA_561E7266-3D55-4DB6-A181-064D985DE2F6#char=948,1016" type="inclusion"/>
                </seg>
                <seg ana="#CATMA_C0843297-160A-4D55-A631-E4E492C0A018 #CATMA_3083EF95-A02C-4817-852A-15339F64E910 #CATMA_B2ECB8BC-3A4E-4527-B5AA-41CFA91D45BE #CATMA_BD1277C4-998F-4D54-AEEB-E8EA4952B146">
                    <ptr target="catma://CATMA_561E7266-3D55-4DB6-A181-064D985DE2F6#char=1016,1081" type="inclusion"/>
                </seg>
                <seg ana="#CATMA_C0843297-160A-4D55-A631-E4E492C0A018 #CATMA_3083EF95-A02C-4817-852A-15339F64E910 #CATMA_B2ECB8BC-3A4E-4527-B5AA-41CFA91D45BE #CATMA_BD1277C4-998F-4D54-AEEB-E8EA4952B146">
                    <ptr target="catma://CATMA_561E7266-3D55-4DB6-A181-064D985DE2F6#char=1081,1147" type="inclusion"/>
                </seg>
                <seg ana="#CATMA_C0843297-160A-4D55-A631-E4E492C0A018 #CATMA_3083EF95-A02C-4817-852A-15339F64E910 #CATMA_B2ECB8BC-3A4E-4527-B5AA-41CFA91D45BE #CATMA_BD1277C4-998F-4D54-AEEB-E8EA4952B146">
                    <ptr target="catma://CATMA_561E7266-3D55-4DB6-A181-064D985DE2F6#char=1147,1213" type="inclusion"/>
                </seg>
                <seg ana="#CATMA_C0843297-160A-4D55-A631-E4E492C0A018 #CATMA_3083EF95-A02C-4817-852A-15339F64E910 #CATMA_B2ECB8BC-3A4E-4527-B5AA-41CFA91D45BE #CATMA_BD1277C4-998F-4D54-AEEB-E8EA4952B146">
                    <ptr target="catma://CATMA_561E7266-3D55-4DB6-A181-064D985DE2F6#char=1213,1280" type="inclusion"/>
                </seg>
                <seg ana="#CATMA_C0843297-160A-4D55-A631-E4E492C0A018 #CATMA_3083EF95-A02C-4817-852A-15339F64E910 #CATMA_B2ECB8BC-3A4E-4527-B5AA-41CFA91D45BE #CATMA_BD1277C4-998F-4D54-AEEB-E8EA4952B146">
                    <ptr target="catma://CATMA_561E7266-3D55-4DB6-A181-064D985DE2F6#char=1280,1330" type="inclusion"/>
                </seg>
                <seg ana="#CATMA_3083EF95-A02C-4817-852A-15339F64E910 #CATMA_B2ECB8BC-3A4E-4527-B5AA-41CFA91D45BE #CATMA_BD1277C4-998F-4D54-AEEB-E8EA4952B146">
                    <ptr target="catma://CATMA_561E7266-3D55-4DB6-A181-064D985DE2F6#char=1330,1332" type="inclusion"/>
                </seg>
                <seg ana="#CATMA_3083EF95-A02C-4817-852A-15339F64E910 #CATMA_B2ECB8BC-3A4E-4527-B5AA-41CFA91D45BE #CATMA_BD1277C4-998F-4D54-AEEB-E8EA4952B146">
                    <ptr target="catma://CATMA_561E7266-3D55-4DB6-A181-064D985DE2F6#char=1332,1334" type="inclusion"/>
                </seg>
                <seg ana="#CATMA_E864FDDF-3BB3-495A-AD14-A72AD2DFFAF0 #CATMA_9E551869-1925-4BF1-829C-2A0EDF1EE9F4 #CATMA_1EBD373E-9900-43DC-A575-69F9F4F54057 #CATMA_3083EF95-A02C-4817-852A-15339F64E910 #CATMA_B2ECB8BC-3A4E-4527-B5AA-41CFA91D45BE #CATMA_BD1277C4-998F-4D54-AEEB-E8EA4952B146">
                    <ptr target="catma://CATMA_561E7266-3D55-4DB6-A181-064D985DE2F6#char=1334,1399" type="inclusion"/>
                </seg>
                <seg ana="#CATMA_E864FDDF-3BB3-495A-AD14-A72AD2DFFAF0 #CATMA_9E551869-1925-4BF1-829C-2A0EDF1EE9F4 #CATMA_1EBD373E-9900-43DC-A575-69F9F4F54057 #CATMA_3083EF95-A02C-4817-852A-15339F64E910 #CATMA_B2ECB8BC-3A4E-4527-B5AA-41CFA91D45BE #CATMA_BD1277C4-998F-4D54-AEEB-E8EA4952B146">
                    <ptr target="catma://CATMA_561E7266-3D55-4DB6-A181-064D985DE2F6#char=1399,1462" type="inclusion"/>
                </seg>
                <seg ana="#CATMA_E864FDDF-3BB3-495A-AD14-A72AD2DFFAF0 #CATMA_9E551869-1925-4BF1-829C-2A0EDF1EE9F4 #CATMA_1EBD373E-9900-43DC-A575-69F9F4F54057 #CATMA_3083EF95-A02C-4817-852A-15339F64E910 #CATMA_B2ECB8BC-3A4E-4527-B5AA-41CFA91D45BE #CATMA_BD1277C4-998F-4D54-AEEB-E8EA4952B146">
                    <ptr target="catma://CATMA_561E7266-3D55-4DB6-A181-064D985DE2F6#char=1462,1526" type="inclusion"/>
                </seg>
                <seg ana="#CATMA_E864FDDF-3BB3-495A-AD14-A72AD2DFFAF0 #CATMA_9E551869-1925-4BF1-829C-2A0EDF1EE9F4 #CATMA_1EBD373E-9900-43DC-A575-69F9F4F54057 #CATMA_3083EF95-A02C-4817-852A-15339F64E910 #CATMA_B2ECB8BC-3A4E-4527-B5AA-41CFA91D45BE #CATMA_BD1277C4-998F-4D54-AEEB-E8EA4952B146">
                    <ptr target="catma://CATMA_561E7266-3D55-4DB6-A181-064D985DE2F6#char=1526,1592" type="inclusion"/>
                </seg>
                <seg ana="#CATMA_E864FDDF-3BB3-495A-AD14-A72AD2DFFAF0 #CATMA_9E551869-1925-4BF1-829C-2A0EDF1EE9F4 #CATMA_1EBD373E-9900-43DC-A575-69F9F4F54057 #CATMA_3083EF95-A02C-4817-852A-15339F64E910 #CATMA_B2ECB8BC-3A4E-4527-B5AA-41CFA91D45BE #CATMA_BD1277C4-998F-4D54-AEEB-E8EA4952B146">
                    <ptr target="catma://CATMA_561E7266-3D55-4DB6-A181-064D985DE2F6#char=1592,1657" type="inclusion"/>
                </seg>
                <seg ana="#CATMA_E864FDDF-3BB3-495A-AD14-A72AD2DFFAF0 #CATMA_9E551869-1925-4BF1-829C-2A0EDF1EE9F4 #CATMA_1EBD373E-9900-43DC-A575-69F9F4F54057 #CATMA_3083EF95-A02C-4817-852A-15339F64E910 #CATMA_B2ECB8BC-3A4E-4527-B5AA-41CFA91D45BE #CATMA_BD1277C4-998F-4D54-AEEB-E8EA4952B146">
                    <ptr target="catma://CATMA_561E7266-3D55-4DB6-A181-064D985DE2F6#char=1657,1725" type="inclusion"/>
                </seg>
                <seg ana="#CATMA_E864FDDF-3BB3-495A-AD14-A72AD2DFFAF0 #CATMA_9E551869-1925-4BF1-829C-2A0EDF1EE9F4 #CATMA_1EBD373E-9900-43DC-A575-69F9F4F54057 #CATMA_3083EF95-A02C-4817-852A-15339F64E910 #CATMA_B2ECB8BC-3A4E-4527-B5AA-41CFA91D45BE #CATMA_BD1277C4-998F-4D54-AEEB-E8EA4952B146">
                    <ptr target="catma://CATMA_561E7266-3D55-4DB6-A181-064D985DE2F6#char=1725,1793" type="inclusion"/>
                </seg>
                <seg ana="#CATMA_E864FDDF-3BB3-495A-AD14-A72AD2DFFAF0 #CATMA_9E551869-1925-4BF1-829C-2A0EDF1EE9F4 #CATMA_1EBD373E-9900-43DC-A575-69F9F4F54057 #CATMA_3083EF95-A02C-4817-852A-15339F64E910 #CATMA_B2ECB8BC-3A4E-4527-B5AA-41CFA91D45BE #CATMA_BD1277C4-998F-4D54-AEEB-E8EA4952B146">
                    <ptr target="catma://CATMA_561E7266-3D55-4DB6-A181-064D985DE2F6#char=1793,1861" type="inclusion"/>
                </seg>
                <seg ana="#CATMA_E864FDDF-3BB3-495A-AD14-A72AD2DFFAF0 #CATMA_9E551869-1925-4BF1-829C-2A0EDF1EE9F4 #CATMA_1EBD373E-9900-43DC-A575-69F9F4F54057 #CATMA_3083EF95-A02C-4817-852A-15339F64E910 #CATMA_B2ECB8BC-3A4E-4527-B5AA-41CFA91D45BE #CATMA_BD1277C4-998F-4D54-AEEB-E8EA4952B146">
                    <ptr target="catma://CATMA_561E7266-3D55-4DB6-A181-064D985DE2F6#char=1861,1884" type="inclusion"/>
                </seg>
                <seg ana="#CATMA_3083EF95-A02C-4817-852A-15339F64E910 #CATMA_B2ECB8BC-3A4E-4527-B5AA-41CFA91D45BE #CATMA_BD1277C4-998F-4D54-AEEB-E8EA4952B146">
                    <ptr target="catma://CATMA_561E7266-3D55-4DB6-A181-064D985DE2F6#char=1884,1885" type="inclusion"/>
                </seg>
                <seg ana="#CATMA_3083EF95-A02C-4817-852A-15339F64E910 #CATMA_B2ECB8BC-3A4E-4527-B5AA-41CFA91D45BE #CATMA_BD1277C4-998F-4D54-AEEB-E8EA4952B146">
                    <ptr target="catma://CATMA_561E7266-3D55-4DB6-A181-064D985DE2F6#char=1885,1887" type="inclusion"/>
                </seg>
                <seg ana="#CATMA_27C6BB69-9EDA-4382-B60B-45A25A690952 #CATMA_3083EF95-A02C-4817-852A-15339F64E910 #CATMA_B2ECB8BC-3A4E-4527-B5AA-41CFA91D45BE #CATMA_BD1277C4-998F-4D54-AEEB-E8EA4952B146">
                    <ptr target="catma://CATMA_561E7266-3D55-4DB6-A181-064D985DE2F6#char=1887,1954" type="inclusion"/>
                </seg>
                <seg ana="#CATMA_27C6BB69-9EDA-4382-B60B-45A25A690952 #CATMA_3083EF95-A02C-4817-852A-15339F64E910 #CATMA_B2ECB8BC-3A4E-4527-B5AA-41CFA91D45BE #CATMA_BD1277C4-998F-4D54-AEEB-E8EA4952B146">
                    <ptr target="catma://CATMA_561E7266-3D55-4DB6-A181-064D985DE2F6#char=1954,1991" type="inclusion"/>
                </seg>
                <seg ana="#CATMA_3083EF95-A02C-4817-852A-15339F64E910 #CATMA_B2ECB8BC-3A4E-4527-B5AA-41CFA91D45BE #CATMA_BD1277C4-998F-4D54-AEEB-E8EA4952B146">
                    <ptr target="catma://CATMA_561E7266-3D55-4DB6-A181-064D985DE2F6#char=1991,1992" type="inclusion"/>
                </seg>
                <seg ana="#CATMA_3083EF95-A02C-4817-852A-15339F64E910 #CATMA_B2ECB8BC-3A4E-4527-B5AA-41CFA91D45BE #CATMA_BD1277C4-998F-4D54-AEEB-E8EA4952B146">
                    <ptr target="catma://CATMA_561E7266-3D55-4DB6-A181-064D985DE2F6#char=1992,1994" type="inclusion"/>
                </seg>
                <seg ana="#CATMA_BD3DC4E8-FEB2-441C-8D4F-14FDE931FEFD #CATMA_74FC64A3-48FD-4CCD-A685-467813944C53 #CATMA_998BE101-353B-4D72-97EF-5A38F6EBE9EF #CATMA_3083EF95-A02C-4817-852A-15339F64E910 #CATMA_B2ECB8BC-3A4E-4527-B5AA-41CFA91D45BE #CATMA_BD1277C4-998F-4D54-AEEB-E8EA4952B146">
                    <ptr target="catma://CATMA_561E7266-3D55-4DB6-A181-064D985DE2F6#char=1994,2060" type="inclusion"/>
                </seg>
                <seg ana="#CATMA_BD3DC4E8-FEB2-441C-8D4F-14FDE931FEFD #CATMA_74FC64A3-48FD-4CCD-A685-467813944C53 #CATMA_E82CD1B3-A55C-496F-B1C8-8DADA76282FA #CATMA_998BE101-353B-4D72-97EF-5A38F6EBE9EF #CATMA_3083EF95-A02C-4817-852A-15339F64E910 #CATMA_B2ECB8BC-3A4E-4527-B5AA-41CFA91D45BE #CATMA_BD1277C4-998F-4D54-AEEB-E8EA4952B146">
                    <ptr target="catma://CATMA_561E7266-3D55-4DB6-A181-064D985DE2F6#char=2060,2094" type="inclusion"/>
                </seg>
                <seg ana="#CATMA_BD3DC4E8-FEB2-441C-8D4F-14FDE931FEFD #CATMA_74FC64A3-48FD-4CCD-A685-467813944C53 #CATMA_998BE101-353B-4D72-97EF-5A38F6EBE9EF #CATMA_3083EF95-A02C-4817-852A-15339F64E910 #CATMA_B2ECB8BC-3A4E-4527-B5AA-41CFA91D45BE #CATMA_BD1277C4-998F-4D54-AEEB-E8EA4952B146">
                    <ptr target="catma://CATMA_561E7266-3D55-4DB6-A181-064D985DE2F6#char=2094,2127" type="inclusion"/>
                </seg>
                <seg ana="#CATMA_BD3DC4E8-FEB2-441C-8D4F-14FDE931FEFD #CATMA_74FC64A3-48FD-4CCD-A685-467813944C53 #CATMA_998BE101-353B-4D72-97EF-5A38F6EBE9EF #CATMA_3083EF95-A02C-4817-852A-15339F64E910 #CATMA_B2ECB8BC-3A4E-4527-B5AA-41CFA91D45BE #CATMA_BD1277C4-998F-4D54-AEEB-E8EA4952B146">
                    <ptr target="catma://CATMA_561E7266-3D55-4DB6-A181-064D985DE2F6#char=2127,2195" type="inclusion"/>
                </seg>
                <seg ana="#CATMA_BD3DC4E8-FEB2-441C-8D4F-14FDE931FEFD #CATMA_74FC64A3-48FD-4CCD-A685-467813944C53 #CATMA_998BE101-353B-4D72-97EF-5A38F6EBE9EF #CATMA_3083EF95-A02C-4817-852A-15339F64E910 #CATMA_B2ECB8BC-3A4E-4527-B5AA-41CFA91D45BE #CATMA_BD1277C4-998F-4D54-AEEB-E8EA4952B146">
                    <ptr target="catma://CATMA_561E7266-3D55-4DB6-A181-064D985DE2F6#char=2195,2263" type="inclusion"/>
                </seg>
                <seg ana="#CATMA_BD3DC4E8-FEB2-441C-8D4F-14FDE931FEFD #CATMA_74FC64A3-48FD-4CCD-A685-467813944C53 #CATMA_998BE101-353B-4D72-97EF-5A38F6EBE9EF #CATMA_3083EF95-A02C-4817-852A-15339F64E910 #CATMA_B2ECB8BC-3A4E-4527-B5AA-41CFA91D45BE #CATMA_BD1277C4-998F-4D54-AEEB-E8EA4952B146">
                    <ptr target="catma://CATMA_561E7266-3D55-4DB6-A181-064D985DE2F6#char=2263,2327" type="inclusion"/>
                </seg>
                <seg ana="#CATMA_BD3DC4E8-FEB2-441C-8D4F-14FDE931FEFD #CATMA_74FC64A3-48FD-4CCD-A685-467813944C53 #CATMA_998BE101-353B-4D72-97EF-5A38F6EBE9EF #CATMA_3083EF95-A02C-4817-852A-15339F64E910 #CATMA_B2ECB8BC-3A4E-4527-B5AA-41CFA91D45BE #CATMA_BD1277C4-998F-4D54-AEEB-E8EA4952B146">
                    <ptr target="catma://CATMA_561E7266-3D55-4DB6-A181-064D985DE2F6#char=2327,2390" type="inclusion"/>
                </seg>
                <seg ana="#CATMA_BD3DC4E8-FEB2-441C-8D4F-14FDE931FEFD #CATMA_74FC64A3-48FD-4CCD-A685-467813944C53 #CATMA_998BE101-353B-4D72-97EF-5A38F6EBE9EF #CATMA_3083EF95-A02C-4817-852A-15339F64E910 #CATMA_B2ECB8BC-3A4E-4527-B5AA-41CFA91D45BE #CATMA_BD1277C4-998F-4D54-AEEB-E8EA4952B146">
                    <ptr target="catma://CATMA_561E7266-3D55-4DB6-A181-064D985DE2F6#char=2390,2417" type="inclusion"/>
                </seg>
                <seg ana="#CATMA_3083EF95-A02C-4817-852A-15339F64E910 #CATMA_B2ECB8BC-3A4E-4527-B5AA-41CFA91D45BE #CATMA_BD1277C4-998F-4D54-AEEB-E8EA4952B146">
                    <ptr target="catma://CATMA_561E7266-3D55-4DB6-A181-064D985DE2F6#char=2417,2419" type="inclusion"/>
                </seg>
                <seg ana="#CATMA_3083EF95-A02C-4817-852A-15339F64E910 #CATMA_B2ECB8BC-3A4E-4527-B5AA-41CFA91D45BE">
                    <ptr target="catma://CATMA_561E7266-3D55-4DB6-A181-064D985DE2F6#char=2419,2421" type="inclusion"/>
                </seg>
                <seg ana="#CATMA_0A1B24F3-6F7C-4DFF-B93F-26DAD1D58658 #CATMA_3083EF95-A02C-4817-852A-15339F64E910 #CATMA_B2ECB8BC-3A4E-4527-B5AA-41CFA91D45BE #CATMA_48C8A3A4-F0E5-4ED0-B848-230C6643FEA3">
                    <ptr target="catma://CATMA_561E7266-3D55-4DB6-A181-064D985DE2F6#char=2421,2483" type="inclusion"/>
                </seg>
                <seg ana="#CATMA_0A1B24F3-6F7C-4DFF-B93F-26DAD1D58658 #CATMA_3083EF95-A02C-4817-852A-15339F64E910 #CATMA_B2ECB8BC-3A4E-4527-B5AA-41CFA91D45BE #CATMA_48C8A3A4-F0E5-4ED0-B848-230C6643FEA3">
                    <ptr target="catma://CATMA_561E7266-3D55-4DB6-A181-064D985DE2F6#char=2483,2551" type="inclusion"/>
                </seg>
                <seg ana="#CATMA_0A1B24F3-6F7C-4DFF-B93F-26DAD1D58658 #CATMA_3083EF95-A02C-4817-852A-15339F64E910 #CATMA_B2ECB8BC-3A4E-4527-B5AA-41CFA91D45BE #CATMA_48C8A3A4-F0E5-4ED0-B848-230C6643FEA3">
                    <ptr target="catma://CATMA_561E7266-3D55-4DB6-A181-064D985DE2F6#char=2551,2596" type="inclusion"/>
                </seg>
                <seg ana="#CATMA_3083EF95-A02C-4817-852A-15339F64E910 #CATMA_B2ECB8BC-3A4E-4527-B5AA-41CFA91D45BE #CATMA_48C8A3A4-F0E5-4ED0-B848-230C6643FEA3">
                    <ptr target="catma://CATMA_561E7266-3D55-4DB6-A181-064D985DE2F6#char=2596,2598" type="inclusion"/>
                </seg>
                <seg ana="#CATMA_3083EF95-A02C-4817-852A-15339F64E910 #CATMA_B2ECB8BC-3A4E-4527-B5AA-41CFA91D45BE #CATMA_48C8A3A4-F0E5-4ED0-B848-230C6643FEA3">
                    <ptr target="catma://CATMA_561E7266-3D55-4DB6-A181-064D985DE2F6#char=2598,2600" type="inclusion"/>
                </seg>
                <seg ana="#CATMA_895C9144-6E0B-4AE3-A40A-E6AA34991390 #CATMA_93854EAF-DE51-4CC6-A913-104837BACDCB #CATMA_A2D150D5-0B0D-4BEB-BF10-E1F004E10898 #CATMA_3083EF95-A02C-4817-852A-15339F64E910 #CATMA_B2ECB8BC-3A4E-4527-B5AA-41CFA91D45BE #CATMA_48C8A3A4-F0E5-4ED0-B848-230C6643FEA3">
                    <ptr target="catma://CATMA_561E7266-3D55-4DB6-A181-064D985DE2F6#char=2600,2664" type="inclusion"/>
                </seg>
                <seg ana="#CATMA_895C9144-6E0B-4AE3-A40A-E6AA34991390 #CATMA_93854EAF-DE51-4CC6-A913-104837BACDCB #CATMA_A2D150D5-0B0D-4BEB-BF10-E1F004E10898 #CATMA_3083EF95-A02C-4817-852A-15339F64E910 #CATMA_B2ECB8BC-3A4E-4527-B5AA-41CFA91D45BE #CATMA_48C8A3A4-F0E5-4ED0-B848-230C6643FEA3">
                    <ptr target="catma://CATMA_561E7266-3D55-4DB6-A181-064D985DE2F6#char=2664,2685" type="inclusion"/>
                </seg>
                <seg ana="#CATMA_895C9144-6E0B-4AE3-A40A-E6AA34991390 #CATMA_AA8DECB9-6637-43CB-9E3E-BE4562AD31AF #CATMA_93854EAF-DE51-4CC6-A913-104837BACDCB #CATMA_A2D150D5-0B0D-4BEB-BF10-E1F004E10898 #CATMA_3083EF95-A02C-4817-852A-15339F64E910 #CATMA_B2ECB8BC-3A4E-4527-B5AA-41CFA91D45BE #CATMA_48C8A3A4-F0E5-4ED0-B848-230C6643FEA3">
                    <ptr target="catma://CATMA_561E7266-3D55-4DB6-A181-064D985DE2F6#char=2685,2720" type="inclusion"/>
                </seg>
                <seg ana="#CATMA_895C9144-6E0B-4AE3-A40A-E6AA34991390 #CATMA_93854EAF-DE51-4CC6-A913-104837BACDCB #CATMA_A2D150D5-0B0D-4BEB-BF10-E1F004E10898 #CATMA_3083EF95-A02C-4817-852A-15339F64E910 #CATMA_B2ECB8BC-3A4E-4527-B5AA-41CFA91D45BE #CATMA_48C8A3A4-F0E5-4ED0-B848-230C6643FEA3">
                    <ptr target="catma://CATMA_561E7266-3D55-4DB6-A181-064D985DE2F6#char=2720,2730" type="inclusion"/>
                </seg>
                <seg ana="#CATMA_895C9144-6E0B-4AE3-A40A-E6AA34991390 #CATMA_93854EAF-DE51-4CC6-A913-104837BACDCB #CATMA_A2D150D5-0B0D-4BEB-BF10-E1F004E10898 #CATMA_3083EF95-A02C-4817-852A-15339F64E910 #CATMA_B2ECB8BC-3A4E-4527-B5AA-41CFA91D45BE #CATMA_48C8A3A4-F0E5-4ED0-B848-230C6643FEA3">
                    <ptr target="catma://CATMA_561E7266-3D55-4DB6-A181-064D985DE2F6#char=2730,2797" type="inclusion"/>
                </seg>
                <seg ana="#CATMA_895C9144-6E0B-4AE3-A40A-E6AA34991390 #CATMA_93854EAF-DE51-4CC6-A913-104837BACDCB #CATMA_A2D150D5-0B0D-4BEB-BF10-E1F004E10898 #CATMA_3083EF95-A02C-4817-852A-15339F64E910 #CATMA_B2ECB8BC-3A4E-4527-B5AA-41CFA91D45BE #CATMA_48C8A3A4-F0E5-4ED0-B848-230C6643FEA3">
                    <ptr target="catma://CATMA_561E7266-3D55-4DB6-A181-064D985DE2F6#char=2797,2862" type="inclusion"/>
                </seg>
                <seg ana="#CATMA_3083EF95-A02C-4817-852A-15339F64E910 #CATMA_B2ECB8BC-3A4E-4527-B5AA-41CFA91D45BE #CATMA_48C8A3A4-F0E5-4ED0-B848-230C6643FEA3">
                    <ptr target="catma://CATMA_561E7266-3D55-4DB6-A181-064D985DE2F6#char=2862,2864" type="inclusion"/>
                </seg>
                <seg ana="#CATMA_3083EF95-A02C-4817-852A-15339F64E910 #CATMA_B2ECB8BC-3A4E-4527-B5AA-41CFA91D45BE #CATMA_48C8A3A4-F0E5-4ED0-B848-230C6643FEA3">
                    <ptr target="catma://CATMA_561E7266-3D55-4DB6-A181-064D985DE2F6#char=2864,2866" type="inclusion"/>
                </seg>
                <seg ana="#CATMA_95B22A7A-A7CA-4F78-B17E-632600CFCDCC #CATMA_3083EF95-A02C-4817-852A-15339F64E910 #CATMA_B2ECB8BC-3A4E-4527-B5AA-41CFA91D45BE #CATMA_48C8A3A4-F0E5-4ED0-B848-230C6643FEA3">
                    <ptr target="catma://CATMA_561E7266-3D55-4DB6-A181-064D985DE2F6#char=2866,2930" type="inclusion"/>
                </seg>
                <seg ana="#CATMA_95B22A7A-A7CA-4F78-B17E-632600CFCDCC #CATMA_3083EF95-A02C-4817-852A-15339F64E910 #CATMA_B2ECB8BC-3A4E-4527-B5AA-41CFA91D45BE #CATMA_48C8A3A4-F0E5-4ED0-B848-230C6643FEA3">
                    <ptr target="catma://CATMA_561E7266-3D55-4DB6-A181-064D985DE2F6#char=2930,2989" type="inclusion"/>
                </seg>
                <seg ana="#CATMA_3083EF95-A02C-4817-852A-15339F64E910 #CATMA_B2ECB8BC-3A4E-4527-B5AA-41CFA91D45BE #CATMA_48C8A3A4-F0E5-4ED0-B848-230C6643FEA3">
                    <ptr target="catma://CATMA_561E7266-3D55-4DB6-A181-064D985DE2F6#char=2989,2991" type="inclusion"/>
                </seg>
                <seg ana="#CATMA_3083EF95-A02C-4817-852A-15339F64E910 #CATMA_B2ECB8BC-3A4E-4527-B5AA-41CFA91D45BE #CATMA_48C8A3A4-F0E5-4ED0-B848-230C6643FEA3">
                    <ptr target="catma://CATMA_561E7266-3D55-4DB6-A181-064D985DE2F6#char=2991,2993" type="inclusion"/>
                </seg>
                <seg ana="#CATMA_210AF009-3B09-47F7-965F-DBF3E40D2642 #CATMA_EA770F57-153F-4F3D-BB55-05B6015C08E0 #CATMA_3ABF9CE5-FA54-4203-A52D-E9AA5460068C #CATMA_3083EF95-A02C-4817-852A-15339F64E910 #CATMA_B2ECB8BC-3A4E-4527-B5AA-41CFA91D45BE #CATMA_48C8A3A4-F0E5-4ED0-B848-230C6643FEA3">
                    <ptr target="catma://CATMA_561E7266-3D55-4DB6-A181-064D985DE2F6#char=2993,3056" type="inclusion"/>
                </seg>
                <seg ana="#CATMA_210AF009-3B09-47F7-965F-DBF3E40D2642 #CATMA_EA770F57-153F-4F3D-BB55-05B6015C08E0 #CATMA_3ABF9CE5-FA54-4203-A52D-E9AA5460068C #CATMA_3083EF95-A02C-4817-852A-15339F64E910 #CATMA_B2ECB8BC-3A4E-4527-B5AA-41CFA91D45BE #CATMA_48C8A3A4-F0E5-4ED0-B848-230C6643FEA3">
                    <ptr target="catma://CATMA_561E7266-3D55-4DB6-A181-064D985DE2F6#char=3056,3118" type="inclusion"/>
                </seg>
                <seg ana="#CATMA_210AF009-3B09-47F7-965F-DBF3E40D2642 #CATMA_EA770F57-153F-4F3D-BB55-05B6015C08E0 #CATMA_3ABF9CE5-FA54-4203-A52D-E9AA5460068C #CATMA_3083EF95-A02C-4817-852A-15339F64E910 #CATMA_B2ECB8BC-3A4E-4527-B5AA-41CFA91D45BE #CATMA_48C8A3A4-F0E5-4ED0-B848-230C6643FEA3">
                    <ptr target="catma://CATMA_561E7266-3D55-4DB6-A181-064D985DE2F6#char=3118,3178" type="inclusion"/>
                </seg>
                <seg ana="#CATMA_210AF009-3B09-47F7-965F-DBF3E40D2642 #CATMA_EA770F57-153F-4F3D-BB55-05B6015C08E0 #CATMA_3ABF9CE5-FA54-4203-A52D-E9AA5460068C #CATMA_3083EF95-A02C-4817-852A-15339F64E910 #CATMA_B2ECB8BC-3A4E-4527-B5AA-41CFA91D45BE #CATMA_48C8A3A4-F0E5-4ED0-B848-230C6643FEA3">
                    <ptr target="catma://CATMA_561E7266-3D55-4DB6-A181-064D985DE2F6#char=3178,3245" type="inclusion"/>
                </seg>
                <seg ana="#CATMA_210AF009-3B09-47F7-965F-DBF3E40D2642 #CATMA_EA770F57-153F-4F3D-BB55-05B6015C08E0 #CATMA_3ABF9CE5-FA54-4203-A52D-E9AA5460068C #CATMA_3083EF95-A02C-4817-852A-15339F64E910 #CATMA_B2ECB8BC-3A4E-4527-B5AA-41CFA91D45BE #CATMA_48C8A3A4-F0E5-4ED0-B848-230C6643FEA3">
                    <ptr target="catma://CATMA_561E7266-3D55-4DB6-A181-064D985DE2F6#char=3245,3309" type="inclusion"/>
                </seg>
                <seg ana="#CATMA_210AF009-3B09-47F7-965F-DBF3E40D2642 #CATMA_EA770F57-153F-4F3D-BB55-05B6015C08E0 #CATMA_3ABF9CE5-FA54-4203-A52D-E9AA5460068C #CATMA_3083EF95-A02C-4817-852A-15339F64E910 #CATMA_B2ECB8BC-3A4E-4527-B5AA-41CFA91D45BE #CATMA_48C8A3A4-F0E5-4ED0-B848-230C6643FEA3">
                    <ptr target="catma://CATMA_561E7266-3D55-4DB6-A181-064D985DE2F6#char=3309,3361" type="inclusion"/>
                </seg>
                <seg ana="#CATMA_3083EF95-A02C-4817-852A-15339F64E910 #CATMA_B2ECB8BC-3A4E-4527-B5AA-41CFA91D45BE #CATMA_48C8A3A4-F0E5-4ED0-B848-230C6643FEA3">
                    <ptr target="catma://CATMA_561E7266-3D55-4DB6-A181-064D985DE2F6#char=3361,3363" type="inclusion"/>
                </seg>
                <seg ana="#CATMA_3083EF95-A02C-4817-852A-15339F64E910 #CATMA_B2ECB8BC-3A4E-4527-B5AA-41CFA91D45BE #CATMA_48C8A3A4-F0E5-4ED0-B848-230C6643FEA3">
                    <ptr target="catma://CATMA_561E7266-3D55-4DB6-A181-064D985DE2F6#char=3363,3365" type="inclusion"/>
                </seg>
                <seg ana="#CATMA_4B45C4C6-6542-40CE-8B5B-00C2A4688329 #CATMA_3083EF95-A02C-4817-852A-15339F64E910 #CATMA_B2ECB8BC-3A4E-4527-B5AA-41CFA91D45BE #CATMA_48C8A3A4-F0E5-4ED0-B848-230C6643FEA3">
                    <ptr target="catma://CATMA_561E7266-3D55-4DB6-A181-064D985DE2F6#char=3365,3431" type="inclusion"/>
                </seg>
                <seg ana="#CATMA_4B45C4C6-6542-40CE-8B5B-00C2A4688329 #CATMA_3083EF95-A02C-4817-852A-15339F64E910 #CATMA_B2ECB8BC-3A4E-4527-B5AA-41CFA91D45BE #CATMA_48C8A3A4-F0E5-4ED0-B848-230C6643FEA3">
                    <ptr target="catma://CATMA_561E7266-3D55-4DB6-A181-064D985DE2F6#char=3431,3470" type="inclusion"/>
                </seg>
                <seg ana="#CATMA_3083EF95-A02C-4817-852A-15339F64E910 #CATMA_B2ECB8BC-3A4E-4527-B5AA-41CFA91D45BE #CATMA_48C8A3A4-F0E5-4ED0-B848-230C6643FEA3">
                    <ptr target="catma://CATMA_561E7266-3D55-4DB6-A181-064D985DE2F6#char=3470,3471" type="inclusion"/>
                </seg>
                <seg ana="#CATMA_3083EF95-A02C-4817-852A-15339F64E910 #CATMA_B2ECB8BC-3A4E-4527-B5AA-41CFA91D45BE #CATMA_48C8A3A4-F0E5-4ED0-B848-230C6643FEA3">
                    <ptr target="catma://CATMA_561E7266-3D55-4DB6-A181-064D985DE2F6#char=3471,3473" type="inclusion"/>
                </seg>
                <seg ana="#CATMA_A1D72235-7E2C-4B65-B38E-227281810ED5 #CATMA_3083EF95-A02C-4817-852A-15339F64E910 #CATMA_B2ECB8BC-3A4E-4527-B5AA-41CFA91D45BE #CATMA_48C8A3A4-F0E5-4ED0-B848-230C6643FEA3">
                    <ptr target="catma://CATMA_561E7266-3D55-4DB6-A181-064D985DE2F6#char=3473,3530" type="inclusion"/>
                </seg>
                <seg ana="#CATMA_A1D72235-7E2C-4B65-B38E-227281810ED5 #CATMA_3083EF95-A02C-4817-852A-15339F64E910 #CATMA_B2ECB8BC-3A4E-4527-B5AA-41CFA91D45BE #CATMA_48C8A3A4-F0E5-4ED0-B848-230C6643FEA3">
                    <ptr target="catma://CATMA_561E7266-3D55-4DB6-A181-064D985DE2F6#char=3530,3590" type="inclusion"/>
                </seg>
                <seg ana="#CATMA_A1D72235-7E2C-4B65-B38E-227281810ED5 #CATMA_3083EF95-A02C-4817-852A-15339F64E910 #CATMA_B2ECB8BC-3A4E-4527-B5AA-41CFA91D45BE #CATMA_48C8A3A4-F0E5-4ED0-B848-230C6643FEA3">
                    <ptr target="catma://CATMA_561E7266-3D55-4DB6-A181-064D985DE2F6#char=3590,3655" type="inclusion"/>
                </seg>
                <seg ana="#CATMA_A1D72235-7E2C-4B65-B38E-227281810ED5 #CATMA_3083EF95-A02C-4817-852A-15339F64E910 #CATMA_B2ECB8BC-3A4E-4527-B5AA-41CFA91D45BE #CATMA_48C8A3A4-F0E5-4ED0-B848-230C6643FEA3">
                    <ptr target="catma://CATMA_561E7266-3D55-4DB6-A181-064D985DE2F6#char=3655,3691" type="inclusion"/>
                </seg>
                <seg ana="#CATMA_3083EF95-A02C-4817-852A-15339F64E910 #CATMA_B2ECB8BC-3A4E-4527-B5AA-41CFA91D45BE #CATMA_48C8A3A4-F0E5-4ED0-B848-230C6643FEA3">
                    <ptr target="catma://CATMA_561E7266-3D55-4DB6-A181-064D985DE2F6#char=3691,3692" type="inclusion"/>
                </seg>
                <seg ana="#CATMA_3083EF95-A02C-4817-852A-15339F64E910 #CATMA_B2ECB8BC-3A4E-4527-B5AA-41CFA91D45BE #CATMA_48C8A3A4-F0E5-4ED0-B848-230C6643FEA3">
                    <ptr target="catma://CATMA_561E7266-3D55-4DB6-A181-064D985DE2F6#char=3692,3694" type="inclusion"/>
                </seg>
                <seg ana="#CATMA_9BF7389F-5D0F-4D17-B8C8-861A9109C370 #CATMA_3083EF95-A02C-4817-852A-15339F64E910 #CATMA_B2ECB8BC-3A4E-4527-B5AA-41CFA91D45BE #CATMA_48C8A3A4-F0E5-4ED0-B848-230C6643FEA3">
                    <ptr target="catma://CATMA_561E7266-3D55-4DB6-A181-064D985DE2F6#char=3694,3762" type="inclusion"/>
                </seg>
                <seg ana="#CATMA_9BF7389F-5D0F-4D17-B8C8-861A9109C370 #CATMA_3083EF95-A02C-4817-852A-15339F64E910 #CATMA_B2ECB8BC-3A4E-4527-B5AA-41CFA91D45BE #CATMA_48C8A3A4-F0E5-4ED0-B848-230C6643FEA3">
                    <ptr target="catma://CATMA_561E7266-3D55-4DB6-A181-064D985DE2F6#char=3762,3829" type="inclusion"/>
                </seg>
                <seg ana="#CATMA_9BF7389F-5D0F-4D17-B8C8-861A9109C370 #CATMA_3083EF95-A02C-4817-852A-15339F64E910 #CATMA_B2ECB8BC-3A4E-4527-B5AA-41CFA91D45BE #CATMA_48C8A3A4-F0E5-4ED0-B848-230C6643FEA3">
                    <ptr target="catma://CATMA_561E7266-3D55-4DB6-A181-064D985DE2F6#char=3829,3882" type="inclusion"/>
                </seg>
                <seg ana="#CATMA_3083EF95-A02C-4817-852A-15339F64E910 #CATMA_B2ECB8BC-3A4E-4527-B5AA-41CFA91D45BE #CATMA_48C8A3A4-F0E5-4ED0-B848-230C6643FEA3">
                    <ptr target="catma://CATMA_561E7266-3D55-4DB6-A181-064D985DE2F6#char=3882,3884" type="inclusion"/>
                </seg>
                <seg ana="#CATMA_3083EF95-A02C-4817-852A-15339F64E910 #CATMA_B2ECB8BC-3A4E-4527-B5AA-41CFA91D45BE #CATMA_48C8A3A4-F0E5-4ED0-B848-230C6643FEA3">
                    <ptr target="catma://CATMA_561E7266-3D55-4DB6-A181-064D985DE2F6#char=3884,3886" type="inclusion"/>
                </seg>
                <seg ana="#CATMA_710F2456-99EB-4176-8369-433AF263B392 #CATMA_3083EF95-A02C-4817-852A-15339F64E910 #CATMA_B2ECB8BC-3A4E-4527-B5AA-41CFA91D45BE #CATMA_48C8A3A4-F0E5-4ED0-B848-230C6643FEA3">
                    <ptr target="catma://CATMA_561E7266-3D55-4DB6-A181-064D985DE2F6#char=3886,3949" type="inclusion"/>
                </seg>
                <seg ana="#CATMA_710F2456-99EB-4176-8369-433AF263B392 #CATMA_3083EF95-A02C-4817-852A-15339F64E910 #CATMA_B2ECB8BC-3A4E-4527-B5AA-41CFA91D45BE #CATMA_48C8A3A4-F0E5-4ED0-B848-230C6643FEA3">
                    <ptr target="catma://CATMA_561E7266-3D55-4DB6-A181-064D985DE2F6#char=3949,4016" type="inclusion"/>
                </seg>
                <seg ana="#CATMA_710F2456-99EB-4176-8369-433AF263B392 #CATMA_3083EF95-A02C-4817-852A-15339F64E910 #CATMA_B2ECB8BC-3A4E-4527-B5AA-41CFA91D45BE #CATMA_48C8A3A4-F0E5-4ED0-B848-230C6643FEA3">
                    <ptr target="catma://CATMA_561E7266-3D55-4DB6-A181-064D985DE2F6#char=4016,4081" type="inclusion"/>
                </seg>
                <seg ana="#CATMA_710F2456-99EB-4176-8369-433AF263B392 #CATMA_3083EF95-A02C-4817-852A-15339F64E910 #CATMA_B2ECB8BC-3A4E-4527-B5AA-41CFA91D45BE #CATMA_48C8A3A4-F0E5-4ED0-B848-230C6643FEA3">
                    <ptr target="catma://CATMA_561E7266-3D55-4DB6-A181-064D985DE2F6#char=4081,4086" type="inclusion"/>
                </seg>
                <seg ana="#CATMA_3083EF95-A02C-4817-852A-15339F64E910 #CATMA_B2ECB8BC-3A4E-4527-B5AA-41CFA91D45BE #CATMA_48C8A3A4-F0E5-4ED0-B848-230C6643FEA3">
                    <ptr target="catma://CATMA_561E7266-3D55-4DB6-A181-064D985DE2F6#char=4086,4088" type="inclusion"/>
                </seg>
                <seg ana="#CATMA_3083EF95-A02C-4817-852A-15339F64E910 #CATMA_B2ECB8BC-3A4E-4527-B5AA-41CFA91D45BE #CATMA_48C8A3A4-F0E5-4ED0-B848-230C6643FEA3">
                    <ptr target="catma://CATMA_561E7266-3D55-4DB6-A181-064D985DE2F6#char=4088,4090" type="inclusion"/>
                </seg>
                <seg ana="#CATMA_BFE4A665-0976-4881-89D1-507FED736A94 #CATMA_3083EF95-A02C-4817-852A-15339F64E910 #CATMA_B2ECB8BC-3A4E-4527-B5AA-41CFA91D45BE #CATMA_48C8A3A4-F0E5-4ED0-B848-230C6643FEA3">
                    <ptr target="catma://CATMA_561E7266-3D55-4DB6-A181-064D985DE2F6#char=4090,4151" type="inclusion"/>
                </seg>
                <seg ana="#CATMA_BFE4A665-0976-4881-89D1-507FED736A94 #CATMA_3083EF95-A02C-4817-852A-15339F64E910 #CATMA_B2ECB8BC-3A4E-4527-B5AA-41CFA91D45BE #CATMA_48C8A3A4-F0E5-4ED0-B848-230C6643FEA3">
                    <ptr target="catma://CATMA_561E7266-3D55-4DB6-A181-064D985DE2F6#char=4151,4212" type="inclusion"/>
                </seg>
                <seg ana="#CATMA_BFE4A665-0976-4881-89D1-507FED736A94 #CATMA_3083EF95-A02C-4817-852A-15339F64E910 #CATMA_B2ECB8BC-3A4E-4527-B5AA-41CFA91D45BE #CATMA_48C8A3A4-F0E5-4ED0-B848-230C6643FEA3">
                    <ptr target="catma://CATMA_561E7266-3D55-4DB6-A181-064D985DE2F6#char=4212,4278" type="inclusion"/>
                </seg>
                <seg ana="#CATMA_BFE4A665-0976-4881-89D1-507FED736A94 #CATMA_3083EF95-A02C-4817-852A-15339F64E910 #CATMA_B2ECB8BC-3A4E-4527-B5AA-41CFA91D45BE #CATMA_48C8A3A4-F0E5-4ED0-B848-230C6643FEA3">
                    <ptr target="catma://CATMA_561E7266-3D55-4DB6-A181-064D985DE2F6#char=4278,4291" type="inclusion"/>
                </seg>
                <seg ana="#CATMA_3083EF95-A02C-4817-852A-15339F64E910 #CATMA_B2ECB8BC-3A4E-4527-B5AA-41CFA91D45BE #CATMA_48C8A3A4-F0E5-4ED0-B848-230C6643FEA3">
                    <ptr target="catma://CATMA_561E7266-3D55-4DB6-A181-064D985DE2F6#char=4291,4292" type="inclusion"/>
                </seg>
                <seg ana="#CATMA_3083EF95-A02C-4817-852A-15339F64E910 #CATMA_B2ECB8BC-3A4E-4527-B5AA-41CFA91D45BE #CATMA_48C8A3A4-F0E5-4ED0-B848-230C6643FEA3">
                    <ptr target="catma://CATMA_561E7266-3D55-4DB6-A181-064D985DE2F6#char=4292,4294" type="inclusion"/>
                </seg>
                <seg ana="#CATMA_671B7377-E674-4E0A-BE0F-CDE8BA0E17E4 #CATMA_A601D79A-6109-4274-8831-1CFBA0ED63D5 #CATMA_7EF5FFAE-39F6-4BC3-AD5D-3E1E94BA1893 #CATMA_3083EF95-A02C-4817-852A-15339F64E910 #CATMA_B2ECB8BC-3A4E-4527-B5AA-41CFA91D45BE #CATMA_48C8A3A4-F0E5-4ED0-B848-230C6643FEA3">
                    <ptr target="catma://CATMA_561E7266-3D55-4DB6-A181-064D985DE2F6#char=4294,4361" type="inclusion"/>
                </seg>
                <seg ana="#CATMA_671B7377-E674-4E0A-BE0F-CDE8BA0E17E4 #CATMA_A601D79A-6109-4274-8831-1CFBA0ED63D5 #CATMA_7EF5FFAE-39F6-4BC3-AD5D-3E1E94BA1893 #CATMA_3083EF95-A02C-4817-852A-15339F64E910 #CATMA_B2ECB8BC-3A4E-4527-B5AA-41CFA91D45BE #CATMA_48C8A3A4-F0E5-4ED0-B848-230C6643FEA3">
                    <ptr target="catma://CATMA_561E7266-3D55-4DB6-A181-064D985DE2F6#char=4361,4427" type="inclusion"/>
                </seg>
                <seg ana="#CATMA_A2A9DBCC-91BD-46EF-B40C-97B77795FB5B #CATMA_671B7377-E674-4E0A-BE0F-CDE8BA0E17E4 #CATMA_A601D79A-6109-4274-8831-1CFBA0ED63D5 #CATMA_7EF5FFAE-39F6-4BC3-AD5D-3E1E94BA1893 #CATMA_3083EF95-A02C-4817-852A-15339F64E910 #CATMA_B2ECB8BC-3A4E-4527-B5AA-41CFA91D45BE #CATMA_48C8A3A4-F0E5-4ED0-B848-230C6643FEA3">
                    <ptr target="catma://CATMA_561E7266-3D55-4DB6-A181-064D985DE2F6#char=4427,4492" type="inclusion"/>
                </seg>
                <seg ana="#CATMA_A2A9DBCC-91BD-46EF-B40C-97B77795FB5B #CATMA_671B7377-E674-4E0A-BE0F-CDE8BA0E17E4 #CATMA_A601D79A-6109-4274-8831-1CFBA0ED63D5 #CATMA_7EF5FFAE-39F6-4BC3-AD5D-3E1E94BA1893 #CATMA_3083EF95-A02C-4817-852A-15339F64E910 #CATMA_B2ECB8BC-3A4E-4527-B5AA-41CFA91D45BE #CATMA_48C8A3A4-F0E5-4ED0-B848-230C6643FEA3">
                    <ptr target="catma://CATMA_561E7266-3D55-4DB6-A181-064D985DE2F6#char=4492,4524" type="inclusion"/>
                </seg>
                <seg ana="#CATMA_671B7377-E674-4E0A-BE0F-CDE8BA0E17E4 #CATMA_A601D79A-6109-4274-8831-1CFBA0ED63D5 #CATMA_7EF5FFAE-39F6-4BC3-AD5D-3E1E94BA1893 #CATMA_3083EF95-A02C-4817-852A-15339F64E910 #CATMA_B2ECB8BC-3A4E-4527-B5AA-41CFA91D45BE #CATMA_48C8A3A4-F0E5-4ED0-B848-230C6643FEA3">
                    <ptr target="catma://CATMA_561E7266-3D55-4DB6-A181-064D985DE2F6#char=4524,4562" type="inclusion"/>
                </seg>
                <seg ana="#CATMA_671B7377-E674-4E0A-BE0F-CDE8BA0E17E4 #CATMA_A601D79A-6109-4274-8831-1CFBA0ED63D5 #CATMA_7EF5FFAE-39F6-4BC3-AD5D-3E1E94BA1893 #CATMA_3083EF95-A02C-4817-852A-15339F64E910 #CATMA_B2ECB8BC-3A4E-4527-B5AA-41CFA91D45BE #CATMA_48C8A3A4-F0E5-4ED0-B848-230C6643FEA3">
                    <ptr target="catma://CATMA_561E7266-3D55-4DB6-A181-064D985DE2F6#char=4562,4629" type="inclusion"/>
                </seg>
                <seg ana="#CATMA_671B7377-E674-4E0A-BE0F-CDE8BA0E17E4 #CATMA_A601D79A-6109-4274-8831-1CFBA0ED63D5 #CATMA_7EF5FFAE-39F6-4BC3-AD5D-3E1E94BA1893 #CATMA_3083EF95-A02C-4817-852A-15339F64E910 #CATMA_B2ECB8BC-3A4E-4527-B5AA-41CFA91D45BE #CATMA_48C8A3A4-F0E5-4ED0-B848-230C6643FEA3">
                    <ptr target="catma://CATMA_561E7266-3D55-4DB6-A181-064D985DE2F6#char=4629,4649" type="inclusion"/>
                </seg>
                <seg ana="#CATMA_3083EF95-A02C-4817-852A-15339F64E910 #CATMA_B2ECB8BC-3A4E-4527-B5AA-41CFA91D45BE #CATMA_48C8A3A4-F0E5-4ED0-B848-230C6643FEA3">
                    <ptr target="catma://CATMA_561E7266-3D55-4DB6-A181-064D985DE2F6#char=4649,4650" type="inclusion"/>
                </seg>
                <seg ana="#CATMA_3083EF95-A02C-4817-852A-15339F64E910 #CATMA_B2ECB8BC-3A4E-4527-B5AA-41CFA91D45BE #CATMA_48C8A3A4-F0E5-4ED0-B848-230C6643FEA3">
                    <ptr target="catma://CATMA_561E7266-3D55-4DB6-A181-064D985DE2F6#char=4650,4652" type="inclusion"/>
                </seg>
                <seg ana="#CATMA_6C46CCF6-266B-45F7-BA54-EE1E091067C7 #CATMA_3083EF95-A02C-4817-852A-15339F64E910 #CATMA_B2ECB8BC-3A4E-4527-B5AA-41CFA91D45BE #CATMA_48C8A3A4-F0E5-4ED0-B848-230C6643FEA3">
                    <ptr target="catma://CATMA_561E7266-3D55-4DB6-A181-064D985DE2F6#char=4652,4714" type="inclusion"/>
                </seg>
                <seg ana="#CATMA_6C46CCF6-266B-45F7-BA54-EE1E091067C7 #CATMA_3083EF95-A02C-4817-852A-15339F64E910 #CATMA_B2ECB8BC-3A4E-4527-B5AA-41CFA91D45BE #CATMA_48C8A3A4-F0E5-4ED0-B848-230C6643FEA3">
                    <ptr target="catma://CATMA_561E7266-3D55-4DB6-A181-064D985DE2F6#char=4714,4757" type="inclusion"/>
                </seg>
                <seg ana="#CATMA_3083EF95-A02C-4817-852A-15339F64E910 #CATMA_B2ECB8BC-3A4E-4527-B5AA-41CFA91D45BE #CATMA_48C8A3A4-F0E5-4ED0-B848-230C6643FEA3">
                    <ptr target="catma://CATMA_561E7266-3D55-4DB6-A181-064D985DE2F6#char=4757,4758" type="inclusion"/>
                </seg>
                <seg ana="#CATMA_3083EF95-A02C-4817-852A-15339F64E910 #CATMA_B2ECB8BC-3A4E-4527-B5AA-41CFA91D45BE #CATMA_48C8A3A4-F0E5-4ED0-B848-230C6643FEA3">
                    <ptr target="catma://CATMA_561E7266-3D55-4DB6-A181-064D985DE2F6#char=4758,4760" type="inclusion"/>
                </seg>
                <seg ana="#CATMA_1DD01C04-1CE4-4465-9DA2-2A34E85F0167 #CATMA_3083EF95-A02C-4817-852A-15339F64E910 #CATMA_B2ECB8BC-3A4E-4527-B5AA-41CFA91D45BE #CATMA_48C8A3A4-F0E5-4ED0-B848-230C6643FEA3">
                    <ptr target="catma://CATMA_561E7266-3D55-4DB6-A181-064D985DE2F6#char=4760,4825" type="inclusion"/>
                </seg>
                <seg ana="#CATMA_1DD01C04-1CE4-4465-9DA2-2A34E85F0167 #CATMA_3083EF95-A02C-4817-852A-15339F64E910 #CATMA_B2ECB8BC-3A4E-4527-B5AA-41CFA91D45BE #CATMA_48C8A3A4-F0E5-4ED0-B848-230C6643FEA3">
                    <ptr target="catma://CATMA_561E7266-3D55-4DB6-A181-064D985DE2F6#char=4825,4893" type="inclusion"/>
                </seg>
                <seg ana="#CATMA_1DD01C04-1CE4-4465-9DA2-2A34E85F0167 #CATMA_3083EF95-A02C-4817-852A-15339F64E910 #CATMA_B2ECB8BC-3A4E-4527-B5AA-41CFA91D45BE #CATMA_48C8A3A4-F0E5-4ED0-B848-230C6643FEA3">
                    <ptr target="catma://CATMA_561E7266-3D55-4DB6-A181-064D985DE2F6#char=4893,4960" type="inclusion"/>
                </seg>
                <seg ana="#CATMA_1DD01C04-1CE4-4465-9DA2-2A34E85F0167 #CATMA_3083EF95-A02C-4817-852A-15339F64E910 #CATMA_B2ECB8BC-3A4E-4527-B5AA-41CFA91D45BE #CATMA_48C8A3A4-F0E5-4ED0-B848-230C6643FEA3">
                    <ptr target="catma://CATMA_561E7266-3D55-4DB6-A181-064D985DE2F6#char=4960,5024" type="inclusion"/>
                </seg>
                <seg ana="#CATMA_1DD01C04-1CE4-4465-9DA2-2A34E85F0167 #CATMA_3083EF95-A02C-4817-852A-15339F64E910 #CATMA_B2ECB8BC-3A4E-4527-B5AA-41CFA91D45BE #CATMA_48C8A3A4-F0E5-4ED0-B848-230C6643FEA3">
                    <ptr target="catma://CATMA_561E7266-3D55-4DB6-A181-064D985DE2F6#char=5024,5088" type="inclusion"/>
                </seg>
                <seg ana="#CATMA_1DD01C04-1CE4-4465-9DA2-2A34E85F0167 #CATMA_3083EF95-A02C-4817-852A-15339F64E910 #CATMA_B2ECB8BC-3A4E-4527-B5AA-41CFA91D45BE #CATMA_48C8A3A4-F0E5-4ED0-B848-230C6643FEA3">
                    <ptr target="catma://CATMA_561E7266-3D55-4DB6-A181-064D985DE2F6#char=5088,5155" type="inclusion"/>
                </seg>
                <seg ana="#CATMA_1DD01C04-1CE4-4465-9DA2-2A34E85F0167 #CATMA_3083EF95-A02C-4817-852A-15339F64E910 #CATMA_B2ECB8BC-3A4E-4527-B5AA-41CFA91D45BE #CATMA_48C8A3A4-F0E5-4ED0-B848-230C6643FEA3">
                    <ptr target="catma://CATMA_561E7266-3D55-4DB6-A181-064D985DE2F6#char=5155,5222" type="inclusion"/>
                </seg>
                <seg ana="#CATMA_1DD01C04-1CE4-4465-9DA2-2A34E85F0167 #CATMA_3083EF95-A02C-4817-852A-15339F64E910 #CATMA_B2ECB8BC-3A4E-4527-B5AA-41CFA91D45BE #CATMA_48C8A3A4-F0E5-4ED0-B848-230C6643FEA3">
                    <ptr target="catma://CATMA_561E7266-3D55-4DB6-A181-064D985DE2F6#char=5222,5288" type="inclusion"/>
                </seg>
                <seg ana="#CATMA_1DD01C04-1CE4-4465-9DA2-2A34E85F0167 #CATMA_3083EF95-A02C-4817-852A-15339F64E910 #CATMA_B2ECB8BC-3A4E-4527-B5AA-41CFA91D45BE #CATMA_48C8A3A4-F0E5-4ED0-B848-230C6643FEA3">
                    <ptr target="catma://CATMA_561E7266-3D55-4DB6-A181-064D985DE2F6#char=5288,5356" type="inclusion"/>
                </seg>
                <seg ana="#CATMA_1DD01C04-1CE4-4465-9DA2-2A34E85F0167 #CATMA_3083EF95-A02C-4817-852A-15339F64E910 #CATMA_B2ECB8BC-3A4E-4527-B5AA-41CFA91D45BE #CATMA_48C8A3A4-F0E5-4ED0-B848-230C6643FEA3">
                    <ptr target="catma://CATMA_561E7266-3D55-4DB6-A181-064D985DE2F6#char=5356,5392" type="inclusion"/>
                </seg>
                <seg ana="#CATMA_3083EF95-A02C-4817-852A-15339F64E910 #CATMA_B2ECB8BC-3A4E-4527-B5AA-41CFA91D45BE #CATMA_48C8A3A4-F0E5-4ED0-B848-230C6643FEA3">
                    <ptr target="catma://CATMA_561E7266-3D55-4DB6-A181-064D985DE2F6#char=5392,5394" type="inclusion"/>
                </seg>
                <seg ana="#CATMA_3083EF95-A02C-4817-852A-15339F64E910 #CATMA_B2ECB8BC-3A4E-4527-B5AA-41CFA91D45BE #CATMA_48C8A3A4-F0E5-4ED0-B848-230C6643FEA3">
                    <ptr target="catma://CATMA_561E7266-3D55-4DB6-A181-064D985DE2F6#char=5394,5396" type="inclusion"/>
                </seg>
                <seg ana="#CATMA_9EB2FA27-DE63-4776-80D6-6EC62F54B111 #CATMA_3083EF95-A02C-4817-852A-15339F64E910 #CATMA_B2ECB8BC-3A4E-4527-B5AA-41CFA91D45BE #CATMA_48C8A3A4-F0E5-4ED0-B848-230C6643FEA3">
                    <ptr target="catma://CATMA_561E7266-3D55-4DB6-A181-064D985DE2F6#char=5396,5450" type="inclusion"/>
                </seg>
                <seg ana="#CATMA_3083EF95-A02C-4817-852A-15339F64E910 #CATMA_B2ECB8BC-3A4E-4527-B5AA-41CFA91D45BE #CATMA_48C8A3A4-F0E5-4ED0-B848-230C6643FEA3">
                    <ptr target="catma://CATMA_561E7266-3D55-4DB6-A181-064D985DE2F6#char=5450,5451" type="inclusion"/>
                </seg>
                <seg ana="#CATMA_3083EF95-A02C-4817-852A-15339F64E910 #CATMA_B2ECB8BC-3A4E-4527-B5AA-41CFA91D45BE #CATMA_48C8A3A4-F0E5-4ED0-B848-230C6643FEA3">
                    <ptr target="catma://CATMA_561E7266-3D55-4DB6-A181-064D985DE2F6#char=5451,5453" type="inclusion"/>
                </seg>
                <seg ana="#CATMA_1AEAB909-22C5-43E8-B3E8-D57C85DC330A #CATMA_63E3E931-75F8-41AA-929C-B96EC32DD0AB #CATMA_0E24566B-473C-420C-8E58-3E4E799DF4FD #CATMA_3083EF95-A02C-4817-852A-15339F64E910 #CATMA_B2ECB8BC-3A4E-4527-B5AA-41CFA91D45BE #CATMA_48C8A3A4-F0E5-4ED0-B848-230C6643FEA3">
                    <ptr target="catma://CATMA_561E7266-3D55-4DB6-A181-064D985DE2F6#char=5453,5520" type="inclusion"/>
                </seg>
                <seg ana="#CATMA_1AEAB909-22C5-43E8-B3E8-D57C85DC330A #CATMA_63E3E931-75F8-41AA-929C-B96EC32DD0AB #CATMA_0E24566B-473C-420C-8E58-3E4E799DF4FD #CATMA_3083EF95-A02C-4817-852A-15339F64E910 #CATMA_B2ECB8BC-3A4E-4527-B5AA-41CFA91D45BE #CATMA_48C8A3A4-F0E5-4ED0-B848-230C6643FEA3">
                    <ptr target="catma://CATMA_561E7266-3D55-4DB6-A181-064D985DE2F6#char=5520,5585" type="inclusion"/>
                </seg>
                <seg ana="#CATMA_1AEAB909-22C5-43E8-B3E8-D57C85DC330A #CATMA_63E3E931-75F8-41AA-929C-B96EC32DD0AB #CATMA_0E24566B-473C-420C-8E58-3E4E799DF4FD #CATMA_3083EF95-A02C-4817-852A-15339F64E910 #CATMA_B2ECB8BC-3A4E-4527-B5AA-41CFA91D45BE #CATMA_48C8A3A4-F0E5-4ED0-B848-230C6643FEA3">
                    <ptr target="catma://CATMA_561E7266-3D55-4DB6-A181-064D985DE2F6#char=5585,5637" type="inclusion"/>
                </seg>
                <seg ana="#CATMA_3083EF95-A02C-4817-852A-15339F64E910 #CATMA_B2ECB8BC-3A4E-4527-B5AA-41CFA91D45BE #CATMA_48C8A3A4-F0E5-4ED0-B848-230C6643FEA3">
                    <ptr target="catma://CATMA_561E7266-3D55-4DB6-A181-064D985DE2F6#char=5637,5639" type="inclusion"/>
                </seg>
                <seg ana="#CATMA_0C336E69-5C3D-498F-945F-429035B3025C #CATMA_3083EF95-A02C-4817-852A-15339F64E910 #CATMA_B2ECB8BC-3A4E-4527-B5AA-41CFA91D45BE #CATMA_48C8A3A4-F0E5-4ED0-B848-230C6643FEA3">
                    <ptr target="catma://CATMA_561E7266-3D55-4DB6-A181-064D985DE2F6#char=5639,5707" type="inclusion"/>
                </seg>
                <seg ana="#CATMA_0C336E69-5C3D-498F-945F-429035B3025C #CATMA_3083EF95-A02C-4817-852A-15339F64E910 #CATMA_B2ECB8BC-3A4E-4527-B5AA-41CFA91D45BE #CATMA_48C8A3A4-F0E5-4ED0-B848-230C6643FEA3">
                    <ptr target="catma://CATMA_561E7266-3D55-4DB6-A181-064D985DE2F6#char=5707,5774" type="inclusion"/>
                </seg>
                <seg ana="#CATMA_0C336E69-5C3D-498F-945F-429035B3025C #CATMA_3083EF95-A02C-4817-852A-15339F64E910 #CATMA_B2ECB8BC-3A4E-4527-B5AA-41CFA91D45BE #CATMA_48C8A3A4-F0E5-4ED0-B848-230C6643FEA3">
                    <ptr target="catma://CATMA_561E7266-3D55-4DB6-A181-064D985DE2F6#char=5774,5801" type="inclusion"/>
                </seg>
                <seg ana="#CATMA_3083EF95-A02C-4817-852A-15339F64E910 #CATMA_B2ECB8BC-3A4E-4527-B5AA-41CFA91D45BE #CATMA_48C8A3A4-F0E5-4ED0-B848-230C6643FEA3">
                    <ptr target="catma://CATMA_561E7266-3D55-4DB6-A181-064D985DE2F6#char=5801,5803" type="inclusion"/>
                </seg>
                <seg ana="#CATMA_D8463B1C-28E6-4B1A-9A2B-A571F6FC21A1 #CATMA_3083EF95-A02C-4817-852A-15339F64E910 #CATMA_B2ECB8BC-3A4E-4527-B5AA-41CFA91D45BE #CATMA_48C8A3A4-F0E5-4ED0-B848-230C6643FEA3">
                    <ptr target="catma://CATMA_561E7266-3D55-4DB6-A181-064D985DE2F6#char=5803,5868" type="inclusion"/>
                </seg>
                <seg ana="#CATMA_D8463B1C-28E6-4B1A-9A2B-A571F6FC21A1 #CATMA_3083EF95-A02C-4817-852A-15339F64E910 #CATMA_B2ECB8BC-3A4E-4527-B5AA-41CFA91D45BE #CATMA_48C8A3A4-F0E5-4ED0-B848-230C6643FEA3">
                    <ptr target="catma://CATMA_561E7266-3D55-4DB6-A181-064D985DE2F6#char=5868,5933" type="inclusion"/>
                </seg>
                <seg ana="#CATMA_D8463B1C-28E6-4B1A-9A2B-A571F6FC21A1 #CATMA_3083EF95-A02C-4817-852A-15339F64E910 #CATMA_B2ECB8BC-3A4E-4527-B5AA-41CFA91D45BE #CATMA_48C8A3A4-F0E5-4ED0-B848-230C6643FEA3">
                    <ptr target="catma://CATMA_561E7266-3D55-4DB6-A181-064D985DE2F6#char=5933,6000" type="inclusion"/>
                </seg>
                <seg ana="#CATMA_D8463B1C-28E6-4B1A-9A2B-A571F6FC21A1 #CATMA_3083EF95-A02C-4817-852A-15339F64E910 #CATMA_B2ECB8BC-3A4E-4527-B5AA-41CFA91D45BE #CATMA_48C8A3A4-F0E5-4ED0-B848-230C6643FEA3">
                    <ptr target="catma://CATMA_561E7266-3D55-4DB6-A181-064D985DE2F6#char=6000,6050" type="inclusion"/>
                </seg>
                <ptr target="catma://CATMA_561E7266-3D55-4DB6-A181-064D985DE2F6#char=6050,6135" type="inclusion"/>
            </ab>
        </body>
        <fs xml:id="CATMA_0A8F624C-A172-4C28-967E-0B3F241433F4" type="CATMA_ADB30E4E-E257-4EA7-BD0D-5154DDC6112F">
            <f name="catma_displaycolor">
                <string>-718550</string>
            </f>
            <f name="catma_markupauthor">
                <string>mats.wiren@ling.su.se</string>
            </f>
        </fs>
        <fs xml:id="CATMA_3083EF95-A02C-4817-852A-15339F64E910" type="CATMA_5CE00265-2F4D-464C-B598-7BB4D27D0923">
            <f name="catma_markupauthor">
                <string>mats.wiren@ling.su.se</string>
            </f>
            <f name="catma_displaycolor">
                <string>-15924634</string>
            </f>
        </fs>
        <fs xml:id="CATMA_B2ECB8BC-3A4E-4527-B5AA-41CFA91D45BE" type="CATMA_9E6F7521-1CB3-471D-9228-136739E86125">
            <f name="catma_markupauthor">
                <string>mats.wiren@ling.su.se</string>
            </f>
            <f name="catma_displaycolor">
                <string>-11416296</string>
            </f>
        </fs>
        <fs xml:id="CATMA_7157B2B2-0F9C-46EF-9980-A49EDD530B2F" type="CATMA_B09EA947-9006-47BC-9DFA-4A2ECE2A0D5F">
            <f name="catma_displaycolor">
                <string>-6209117</string>
            </f>
            <f name="catma_markupauthor">
                <string>mats.wiren@ling.su.se</string>
            </f>
        </fs>
        <fs xml:id="CATMA_C0843297-160A-4D55-A631-E4E492C0A018" type="CATMA_ADB30E4E-E257-4EA7-BD0D-5154DDC6112F">
            <f name="catma_displaycolor">
                <string>-718550</string>
            </f>
            <f name="catma_markupauthor">
                <string>mats.wiren@ling.su.se</string>
            </f>
        </fs>
        <fs xml:id="CATMA_BD1277C4-998F-4D54-AEEB-E8EA4952B146" type="CATMA_B09EA947-9006-47BC-9DFA-4A2ECE2A0D5F">
            <f name="catma_displaycolor">
                <string>-6209117</string>
            </f>
            <f name="catma_markupauthor">
                <string>mats.wiren@ling.su.se</string>
            </f>
        </fs>
        <fs xml:id="CATMA_E864FDDF-3BB3-495A-AD14-A72AD2DFFAF0" type="CATMA_0887D043-1572-4295-AD74-6B9DF4B9ED0C">
            <f name="catma_displaycolor">
                <string>-16538848</string>
            </f>
            <f name="catma_markupauthor">
                <string>mats.wiren@ling.su.se</string>
            </f>
        </fs>
        <fs xml:id="CATMA_9E551869-1925-4BF1-829C-2A0EDF1EE9F4" type="CATMA_38E9AF51-38B2-494F-BC5E-58A0A8D45C39">
            <f name="catma_markupauthor">
                <string>mats.wiren@ling.su.se</string>
            </f>
            <f name="catma_displaycolor">
                <string>-15588458</string>
            </f>
        </fs>
        <fs xml:id="CATMA_1EBD373E-9900-43DC-A575-69F9F4F54057" type="CATMA_36A3B24D-5243-4CD6-B39F-6B4B4DAEC2ED">
            <f name="catma_markupauthor">
                <string>mats.wiren@ling.su.se</string>
            </f>
            <f name="catma_displaycolor">
                <string>-8117889</string>
            </f>
            <f name="Addressee">
                <string>Grim</string>
            </f>
            <f name="Speaker">
                <string>Torarin</string>
            </f>
        </fs>
        <fs xml:id="CATMA_27C6BB69-9EDA-4382-B60B-45A25A690952" type="CATMA_ADB30E4E-E257-4EA7-BD0D-5154DDC6112F">
            <f name="catma_displaycolor">
                <string>-718550</string>
            </f>
            <f name="catma_markupauthor">
                <string>mats.wiren@ling.su.se</string>
            </f>
        </fs>
        <fs xml:id="CATMA_BD3DC4E8-FEB2-441C-8D4F-14FDE931FEFD" type="CATMA_0887D043-1572-4295-AD74-6B9DF4B9ED0C">
            <f name="catma_displaycolor">
                <string>-16538848</string>
            </f>
            <f name="catma_markupauthor">
                <string>mats.wiren@ling.su.se</string>
            </f>
        </fs>
        <fs xml:id="CATMA_74FC64A3-48FD-4CCD-A685-467813944C53" type="CATMA_38E9AF51-38B2-494F-BC5E-58A0A8D45C39">
            <f name="catma_markupauthor">
                <string>mats.wiren@ling.su.se</string>
            </f>
            <f name="catma_displaycolor">
                <string>-15588458</string>
            </f>
        </fs>
        <fs xml:id="CATMA_998BE101-353B-4D72-97EF-5A38F6EBE9EF" type="CATMA_36A3B24D-5243-4CD6-B39F-6B4B4DAEC2ED">
            <f name="catma_markupauthor">
                <string>mats.wiren@ling.su.se</string>
            </f>
            <f name="catma_displaycolor">
                <string>-8117889</string>
            </f>
            <f name="Addressee">
                <string>Grim</string>
            </f>
            <f name="Speaker">
                <string>Torarin</string>
            </f>
        </fs>
        <fs xml:id="CATMA_E82CD1B3-A55C-496F-B1C8-8DADA76282FA" type="CATMA_ADB30E4E-E257-4EA7-BD0D-5154DDC6112F">
            <f name="catma_displaycolor">
                <string>-718550</string>
            </f>
            <f name="catma_markupauthor">
                <string>mats.wiren@ling.su.se</string>
            </f>
        </fs>
        <fs xml:id="CATMA_0A1B24F3-6F7C-4DFF-B93F-26DAD1D58658" type="CATMA_ADB30E4E-E257-4EA7-BD0D-5154DDC6112F">
            <f name="catma_displaycolor">
                <string>-718550</string>
            </f>
            <f name="catma_markupauthor">
                <string>mats.wiren@ling.su.se</string>
            </f>
        </fs>
        <fs xml:id="CATMA_48C8A3A4-F0E5-4ED0-B848-230C6643FEA3" type="CATMA_B09EA947-9006-47BC-9DFA-4A2ECE2A0D5F">
            <f name="catma_displaycolor">
                <string>-6209117</string>
            </f>
            <f name="catma_markupauthor">
                <string>mats.wiren@ling.su.se</string>
            </f>
        </fs>
        <fs xml:id="CATMA_895C9144-6E0B-4AE3-A40A-E6AA34991390" type="CATMA_0887D043-1572-4295-AD74-6B9DF4B9ED0C">
            <f name="catma_displaycolor">
                <string>-16538848</string>
            </f>
            <f name="catma_markupauthor">
                <string>mats.wiren@ling.su.se</string>
            </f>
        </fs>
        <fs xml:id="CATMA_93854EAF-DE51-4CC6-A913-104837BACDCB" type="CATMA_38E9AF51-38B2-494F-BC5E-58A0A8D45C39">
            <f name="catma_markupauthor">
                <string>mats.wiren@ling.su.se</string>
            </f>
            <f name="catma_displaycolor">
                <string>-15588458</string>
            </f>
        </fs>
        <fs xml:id="CATMA_A2D150D5-0B0D-4BEB-BF10-E1F004E10898" type="CATMA_36A3B24D-5243-4CD6-B39F-6B4B4DAEC2ED">
            <f name="catma_markupauthor">
                <string>mats.wiren@ling.su.se</string>
            </f>
            <f name="catma_displaycolor">
                <string>-8117889</string>
            </f>
            <f name="Addressee">
                <string>Grim</string>
            </f>
            <f name="Speaker">
                <vRange>
                    <vColl>
                        <string>To</string>
                        <string>Torarin</string>
                    </vColl>
                </vRange>
            </f>
        </fs>
        <fs xml:id="CATMA_AA8DECB9-6637-43CB-9E3E-BE4562AD31AF" type="CATMA_ADB30E4E-E257-4EA7-BD0D-5154DDC6112F">
            <f name="catma_displaycolor">
                <string>-718550</string>
            </f>
            <f name="catma_markupauthor">
                <string>mats.wiren@ling.su.se</string>
            </f>
        </fs>
        <fs xml:id="CATMA_95B22A7A-A7CA-4F78-B17E-632600CFCDCC" type="CATMA_ADB30E4E-E257-4EA7-BD0D-5154DDC6112F">
            <f name="catma_displaycolor">
                <string>-718550</string>
            </f>
            <f name="catma_markupauthor">
                <string>mats.wiren@ling.su.se</string>
            </f>
        </fs>
        <fs xml:id="CATMA_210AF009-3B09-47F7-965F-DBF3E40D2642" type="CATMA_0887D043-1572-4295-AD74-6B9DF4B9ED0C">
            <f name="catma_displaycolor">
                <string>-16538848</string>
            </f>
            <f name="catma_markupauthor">
                <string>mats.wiren@ling.su.se</string>
            </f>
        </fs>
        <fs xml:id="CATMA_EA770F57-153F-4F3D-BB55-05B6015C08E0" type="CATMA_38E9AF51-38B2-494F-BC5E-58A0A8D45C39">
            <f name="catma_markupauthor">
                <string>mats.wiren@ling.su.se</string>
            </f>
            <f name="catma_displaycolor">
                <string>-15588458</string>
            </f>
        </fs>
        <fs xml:id="CATMA_3ABF9CE5-FA54-4203-A52D-E9AA5460068C" type="CATMA_36A3B24D-5243-4CD6-B39F-6B4B4DAEC2ED">
            <f name="catma_markupauthor">
                <string>mats.wiren@ling.su.se</string>
            </f>
            <f name="catma_displaycolor">
                <string>-8117889</string>
            </f>
            <f name="Addressee">
                <string>Grim</string>
            </f>
            <f name="Speaker">
                <string>Torarin</string>
            </f>
        </fs>
        <fs xml:id="CATMA_4B45C4C6-6542-40CE-8B5B-00C2A4688329" type="CATMA_ADB30E4E-E257-4EA7-BD0D-5154DDC6112F">
            <f name="catma_displaycolor">
                <string>-718550</string>
            </f>
            <f name="catma_markupauthor">
                <string>mats.wiren@ling.su.se</string>
            </f>
        </fs>
        <fs xml:id="CATMA_A1D72235-7E2C-4B65-B38E-227281810ED5" type="CATMA_ADB30E4E-E257-4EA7-BD0D-5154DDC6112F">
            <f name="catma_displaycolor">
                <string>-718550</string>
            </f>
            <f name="catma_markupauthor">
                <string>mats.wiren@ling.su.se</string>
            </f>
        </fs>
        <fs xml:id="CATMA_9BF7389F-5D0F-4D17-B8C8-861A9109C370" type="CATMA_0887D043-1572-4295-AD74-6B9DF4B9ED0C">
            <f name="catma_displaycolor">
                <string>-16538848</string>
            </f>
            <f name="catma_markupauthor">
                <string>mats.wiren@ling.su.se</string>
            </f>
        </fs>
        <fs xml:id="CATMA_710F2456-99EB-4176-8369-433AF263B392" type="CATMA_ADB30E4E-E257-4EA7-BD0D-5154DDC6112F">
            <f name="catma_displaycolor">
                <string>-718550</string>
            </f>
            <f name="catma_markupauthor">
                <string>mats.wiren@ling.su.se</string>
            </f>
        </fs>
        <fs xml:id="CATMA_BFE4A665-0976-4881-89D1-507FED736A94" type="CATMA_ADB30E4E-E257-4EA7-BD0D-5154DDC6112F">
            <f name="catma_displaycolor">
                <string>-718550</string>
            </f>
            <f name="catma_markupauthor">
                <string>mats.wiren@ling.su.se</string>
            </f>
        </fs>
        <fs xml:id="CATMA_671B7377-E674-4E0A-BE0F-CDE8BA0E17E4" type="CATMA_0887D043-1572-4295-AD74-6B9DF4B9ED0C">
            <f name="catma_displaycolor">
                <string>-16538848</string>
            </f>
            <f name="catma_markupauthor">
                <string>mats.wiren@ling.su.se</string>
            </f>
        </fs>
        <fs xml:id="CATMA_A601D79A-6109-4274-8831-1CFBA0ED63D5" type="CATMA_38E9AF51-38B2-494F-BC5E-58A0A8D45C39">
            <f name="catma_markupauthor">
                <string>mats.wiren@ling.su.se</string>
            </f>
            <f name="catma_displaycolor">
                <string>-15588458</string>
            </f>
        </fs>
        <fs xml:id="CATMA_7EF5FFAE-39F6-4BC3-AD5D-3E1E94BA1893" type="CATMA_36A3B24D-5243-4CD6-B39F-6B4B4DAEC2ED">
            <f name="catma_markupauthor">
                <string>mats.wiren@ling.su.se</string>
            </f>
            <f name="catma_displaycolor">
                <string>-8117889</string>
            </f>
            <f name="Addressee">
                <string>Grim</string>
            </f>
            <f name="Speaker">
                <string>Torarin</string>
            </f>
        </fs>
        <fs xml:id="CATMA_A2A9DBCC-91BD-46EF-B40C-97B77795FB5B" type="CATMA_0AB9D0A1-4550-4644-9F4F-7072E20F4105">
            <f name="catma_displaycolor">
                <string>-6742716</string>
            </f>
            <f name="catma_markupauthor">
                <string>mats.wiren@ling.su.se</string>
            </f>
        </fs>
        <fs xml:id="CATMA_6C46CCF6-266B-45F7-BA54-EE1E091067C7" type="CATMA_ADB30E4E-E257-4EA7-BD0D-5154DDC6112F">
            <f name="catma_displaycolor">
                <string>-718550</string>
            </f>
            <f name="catma_markupauthor">
                <string>mats.wiren@ling.su.se</string>
            </f>
        </fs>
        <fs xml:id="CATMA_1DD01C04-1CE4-4465-9DA2-2A34E85F0167" type="CATMA_ADB30E4E-E257-4EA7-BD0D-5154DDC6112F">
            <f name="catma_displaycolor">
                <string>-718550</string>
            </f>
            <f name="catma_markupauthor">
                <string>mats.wiren@ling.su.se</string>
            </f>
        </fs>
        <fs xml:id="CATMA_9EB2FA27-DE63-4776-80D6-6EC62F54B111" type="CATMA_ADB30E4E-E257-4EA7-BD0D-5154DDC6112F">
            <f name="catma_displaycolor">
                <string>-718550</string>
            </f>
            <f name="catma_markupauthor">
                <string>mats.wiren@ling.su.se</string>
            </f>
        </fs>
        <fs xml:id="CATMA_1AEAB909-22C5-43E8-B3E8-D57C85DC330A" type="CATMA_0887D043-1572-4295-AD74-6B9DF4B9ED0C">
            <f name="catma_displaycolor">
                <string>-16538848</string>
            </f>
            <f name="catma_markupauthor">
                <string>mats.wiren@ling.su.se</string>
            </f>
        </fs>
        <fs xml:id="CATMA_63E3E931-75F8-41AA-929C-B96EC32DD0AB" type="CATMA_38E9AF51-38B2-494F-BC5E-58A0A8D45C39">
            <f name="catma_markupauthor">
                <string>mats.wiren@ling.su.se</string>
            </f>
            <f name="catma_displaycolor">
                <string>-15588458</string>
            </f>
        </fs>
        <fs xml:id="CATMA_0E24566B-473C-420C-8E58-3E4E799DF4FD" type="CATMA_36A3B24D-5243-4CD6-B39F-6B4B4DAEC2ED">
            <f name="catma_markupauthor">
                <string>mats.wiren@ling.su.se</string>
            </f>
            <f name="catma_displaycolor">
                <string>-8117889</string>
            </f>
            <f name="Addressee">
                <string>Grim</string>
            </f>
            <f name="Speaker">
                <string>Torarin</string>
            </f>
        </fs>
        <fs xml:id="CATMA_0C336E69-5C3D-498F-945F-429035B3025C" type="CATMA_ADB30E4E-E257-4EA7-BD0D-5154DDC6112F">
            <f name="catma_displaycolor">
                <string>-718550</string>
            </f>
            <f name="catma_markupauthor">
                <string>mats.wiren@ling.su.se</string>
            </f>
        </fs>
        <fs xml:id="CATMA_D8463B1C-28E6-4B1A-9A2B-A571F6FC21A1" type="CATMA_ADB30E4E-E257-4EA7-BD0D-5154DDC6112F">
            <f name="catma_displaycolor">
                <string>-718550</string>
            </f>
            <f name="catma_markupauthor">
                <string>mats.wiren@ling.su.se</string>
            </f>
        </fs>
    </text>
</TEI>
